task,method,train_episodes,train_steps,test_episodes,test_steps,fit_s,offline_s,online_ms,TWA,Accuracy,Det. Time,Window,ThresholdStyle,single_step_ms,load,train,fit,score_calibration,score_test,thresholds,metrics,window_calibration,window_test
pretzel,entropy,2,103,20,1144,0.0532162939780391,0.2203135688614565,1.5593525534129369,0.6608700156211853,0.8500000238418579,0.378260999917984,1,tvt_cp_band,,0.0002052990021184,0.0,0.0530109949759207,0.1695512130099814,1.810958555986872,0.1582105259876698,0.3116773279907647,0.002453938126564,0.027059234882472
pretzel,entropy,4,205,20,1144,0.041647576028481,0.36404508704436,1.573262643191143,0.6845655024051667,0.7399999976158143,0.110869500786066,45,tvt_quantile,,0.0001973080215975,0.0,0.0414502680068835,0.3273515829932876,1.8268546869803688,0.1698610660096164,0.3076599680061918,0.0049540719774086,0.0270422231697011
pretzel,entropy,6,311,20,1144,0.0358114410191774,0.5188439120538534,1.5344610910433658,0.7683332026004791,0.8250000178813934,0.1133330017328262,45,tvt_quantile,,0.0001982130052056,0.0,0.0356132280139718,0.4903436760068871,1.782167291996302,0.1783594520238693,0.3104136420006398,0.0073112049722112,0.0267438038426917
pretzel,entropy,8,414,20,1144,0.037216158991213805,0.6691075809649191,1.5888582597876624,0.7580435872077942,0.8250000178813934,0.1339131996035575,45,tvt_quantile,,0.0002055639924947,0.0,0.0370105949987191,0.6414530560141429,1.8447413360117932,0.1799946799874305,0.3116793830122333,0.0095616340404376,0.0270874868147075
pretzel,entropy,10,517,20,1144,0.1049298959842417,0.9672667247068604,1.6283751590801419,0.7534059882164001,0.8200000166893006,0.1331886008381843,45,tvt_quantile,,0.0002428939915262,0.0,0.1046870019927155,0.8755169900250621,1.891707853996195,0.2038084329979028,0.3497218109841924,0.0131801613024435,0.0288466720085125
pretzel,kern_cd_flat,2,103,20,1144,3.655323500977829,3.8570032429124694,0.16191633490147886,0.756521999835968,0.8999999761581421,0.2869569957256317,1,ct_quantile,4.343286634975812,0.0002268319949507,0.0,3.6550966689828783,0.2059604069800116,0.2153615040006116,0.1665958910016343,0.2869670839863829,0.0042806650453712,0.0301292168733198
pretzel,kern_cd_flat,4,205,20,1144,35.18849322802271,35.380639495910145,0.25554985943933395,0.7526809096336364,0.8999999761581421,0.2946375012397766,7,ct_quantile,4.343286634975812,0.0002151960215996,0.0,35.18827803200111,0.2058139180007856,0.3197132149944082,0.1863158310006838,0.2860794410225935,0.0136676501133479,0.0273641757958102
pretzel,kern_cd_flat,6,311,20,1144,0.1503448719740844,0.3876923860807436,0.18734644592794186,0.7568114042282105,0.8999999761581421,0.2863766998052597,13,ct_quantile,4.343286634975812,0.0002461929980199,0.0,0.1500986789760645,0.2502280900080222,0.2636101910029538,0.1852461820235476,0.2838366169889923,0.012880575901363,0.0492858568613883
pretzel,kern_cd_flat,8,414,20,1144,0.1476108840142841,0.3560282367980107,0.20017826845124528,0.7513043999671936,0.8999999761581421,0.2973913967609405,13,ct_quantile,4.343286634975812,0.0002064400177914,0.0,0.1474044439964927,0.2316820660198573,0.2759982370189391,0.1963561100128572,0.287129411008209,0.0232647132361307,0.0469942979107145
pretzel,kern_cd_flat,10,517,20,1144,0.1866479070158674,0.43142050987808017,0.28553585816171495,0.753043794631958,0.8999999761581421,0.293913209438324,11,ct_quantile,4.343286634975812,0.0002703469945117,0.0,0.1863775600213557,0.2614254140062257,0.3567054589802865,0.2070573559904005,0.3098322809964884,0.0166528111440129,0.0300524372432846
pretzel,kern_cd_flat_eploo,2,103,20,1144,0.1311541279719676,0.2791418159904423,0.18161003431264588,0.7782610058784485,0.949999988079071,0.3434779942035675,2,ct_quantile,,0.0002379129873588,0.0,0.1309162149846088,0.1525991490052547,0.239290242025163,0.177825794002274,0.2864908880146686,0.00461146098678,0.0315283627714961
pretzel,kern_cd_flat_eploo,4,205,20,1144,22.043789036019007,22.244882948027225,0.17181421139389869,0.7472464919090271,0.8999999761581421,0.3055071979761123,1,ct_quantile,,0.0002343810047022,0.0,22.043554655014304,0.2079212479875423,0.2424372899986338,0.1685946299985516,0.2932946030050516,0.0068273359793238,0.0458818321640137
pretzel,kern_cd_flat_eploo,6,311,20,1144,0.1415413350332528,0.29593672414193867,0.18673776485611224,0.748840594291687,0.8999999761581421,0.3023189008235931,9,ct_quantile,,0.0002257100131828,0.0,0.14131562502007,0.1761306999833323,0.24630046801758,0.1828695439908187,0.2905769020144362,0.0217353108746465,0.0326724650221876
pretzel,kern_cd_flat_eploo,8,414,20,1144,0.15270307197351932,0.32565089393756347,0.20596782539090325,0.7434059917926789,0.8999999761581421,0.313188499212265,9,ct_quantile,,0.0002314199809916,0.0,0.1524716519925277,0.1833381399919744,0.2691485669929534,0.1866257769870571,0.2890672709909268,0.0103903180279303,0.0335213747457601
pretzel,kern_cd_flat_eploo,10,517,20,1144,0.19001843497972,0.410480581864249,0.21781568457490533,0.7463769912719727,0.8999999761581421,0.3072459995746612,7,ct_quantile,,0.0002131279907189,0.0,0.1898053069890011,0.2367060800024774,0.2788414469978306,0.1965261420118622,0.2883762960263993,0.0162439331179484,0.0296603038441389
pretzel,kern_cd_obs,2,103,20,1144,7.540666348009836,7.64157995392452,0.05332625053730996,0.7492750287055969,0.8999999761581421,0.3014490008354187,3,ct_quantile,0.4513320099795237,0.0002251600089948,0.0,7.540441188000841,0.1051954819995444,0.1122180639940779,0.183904841018375,0.2747473579947836,0.0042818760848604,0.0512128333793953
pretzel,kern_cd_obs,4,205,20,1144,33.08445316099096,33.14471668409533,0.07452197927819608,0.7479709029197693,0.8999999761581421,0.304058101773262,7,ct_quantile,0.4513320099795237,0.0002043370041064,0.0,33.084248823986854,0.0669218219991307,0.1211493389855604,0.1936754659982398,0.2850711620121728,0.0066582988947629,0.0358961946913041
pretzel,kern_cd_obs,6,311,20,1144,0.025540218979585798,0.0826565109309739,0.10114550337942735,0.7555072069168091,0.8999999761581421,0.2889855027198791,9,ct_quantile,0.4513320099795237,0.0002098209806717,0.0,0.0253303979989141,0.0645344310032669,0.142582325002877,0.1754168730112724,0.2862660459941253,0.0074181390518788,0.0268718691368121
pretzel,kern_cd_obs,8,414,20,1144,0.046252165979240006,0.0972792521642986,0.04137315637988881,0.7500000953674316,0.8999999761581421,0.3000001043081283,15,ct_quantile,0.4513320099795237,0.0002199969894718,0.0,0.0460321689897682,0.0608845780079718,0.0741686669935006,0.1841054180113133,0.2725492650060914,0.0098574918229132,0.0268377760949078
pretzel,kern_cd_obs,10,517,20,1144,0.14918314199894658,0.2728392299613915,0.050751131941349475,0.7499276041984558,0.8999999761581421,0.3001449018716812,11,ct_quantile,0.4513320099795237,0.0002735579910222,0.0,0.1489095840079244,0.1371301659964956,0.086860350013012,0.2108000009902753,0.3094431990175508,0.0134740780340507,0.0288010550721082
pretzel,kern_cd_obs_eploo,2,103,20,1144,0.0300229139975271,0.0957943760440684,0.0636814797585716,0.7466665029525756,0.8999999761581421,0.3066665053367615,5,ct_quantile,,0.0002138949930667,0.0,0.0298090190044604,0.0683453220117371,0.1106920809834264,0.1615466669900342,0.2839533329824917,0.0025738599651958,0.0378404681396205
pretzel,kern_cd_obs_eploo,4,205,20,1144,23.468229095014976,23.53164291687426,0.04740159684760411,0.7436957895755768,0.8999999761581421,0.3126085996627807,5,ct_quantile,,0.0002153440145775,0.0,23.4680137510004,0.0720904710178729,0.0821633130253758,0.1941078630043193,0.2863692959945183,0.0086766491585876,0.0279358862317167
pretzel,kern_cd_obs_eploo,6,311,20,1144,0.038687485997797796,0.09209372187615358,0.04631640763840987,0.7478984117507934,0.8999999761581421,0.3042027026414871,1,ct_quantile,,0.0002308849943801,0.0,0.0384566010034177,0.0611771880066953,0.0809000920271501,0.2053477440204005,0.2879902429995127,0.0077709521283395,0.0279141216888092
pretzel,kern_cd_obs_eploo,8,414,20,1144,0.034522692003520095,0.1143294197681824,0.039520701285617736,0.7386231899261475,0.8999999761581421,0.3227537035942077,11,ct_quantile,,0.0002416339993942,0.0,0.0342810580041259,0.0901980799972079,0.073102900001686,0.2102810149954166,0.2879816479980945,0.0103913522325456,0.0278912177309393
pretzel,kern_cd_obs_eploo,10,517,20,1144,0.0456518839637283,0.12397189001785591,0.047718764795031114,0.7427535057067871,0.8999999761581421,0.3144925951957703,9,ct_quantile,,0.0002753149892669,0.0,0.0453765689744614,0.0911095570190809,0.0826478030066937,0.1915371450013481,0.2857638080022298,0.0127895509649533,0.0280575360811781
pretzel,logpzo,2,103,20,1144,9.975392433989327,10.276210528973024,2.9648891959495685,0.5579710006713867,0.6000000238418579,0.1400970071554184,5,ct_quantile,,0.0878259179880842,0.0,9.887566516001243,0.3034219830005895,3.4202273359987885,0.1606264160072896,0.3097550509846769,0.0026038880168925,0.0283940958324819
pretzel,logpzo,4,205,20,1144,7.169207005004864,7.655311253009131,2.411776029679255,0.6221739888191223,0.699999988079071,0.1945653945207595,13,ct_quantile,,0.0634346049919258,0.0,7.105772400012938,0.4912036460009403,2.7870578540023416,0.1671784129866864,0.3104349480126984,0.0050993979966733,0.0279860760492738
pretzel,logpzo,6,311,20,1144,11.244846032990608,11.941840055107605,2.4413299902048777,0.6189854919910431,0.7049999892711639,0.2150364026427269,9,ct_quantile,,0.0725068789906799,0.0,11.172339153999928,0.7050294579821639,2.8214913650008384,0.1820637030177749,0.3099280820169952,0.0080354358651675,0.028609856206458
pretzel,logpzo,8,414,20,1144,16.70961403203546,17.717886763071874,2.432108173967857,0.7057973742485046,0.8500000238418579,0.3204505980014801,3,tvt_cp_band,,0.0757466940267477,0.0,16.633867338008713,1.0184823010058608,2.8101837750000414,0.1853399309911765,0.3022808509995229,0.0102095699694473,0.0278520239808131
pretzel,logpzo,10,517,20,1144,15.449703491991386,16.229640817065956,1.8820257805187297,0.6715941846370697,0.800000011920929,0.2853463947772979,1,tvt_cp_band,,0.1700243199884425,0.0,15.279679172002943,0.7942147770081647,2.1935857350181323,0.2105042980110738,0.530990697996458,0.0142774519335944,0.0405482421047054
pretzel,rnd_a,2,103,20,1144,349.54233259300236,349.7034769009915,1.5806797780680644,0.5847830176353455,0.75,0.3304350078105926,3,tvt_cp_band,,0.0229611390095669,349.51936535999994,6.093992851674557e-06,0.1637533780012745,1.836645358998794,0.1610620440042112,0.3088360170077067,0.002609070012113,0.0283476928889285
pretzel,rnd_a,4,205,20,1144,346.2692617440189,346.5599572600913,1.3709411870584811,0.5694925963878632,0.75,0.6016906142234802,25,ct_quantile,,0.0218723220168612,346.2473844710039,4.950998118147254e-06,0.2957498879986815,1.5961781700025313,0.1668167549942154,0.3090734900033567,0.005054371926235,0.0278214520076289
pretzel,rnd_a,6,311,20,1144,346.884902640013,347.299421982083,1.1777031406152902,0.6378262996673584,0.7600000023841857,0.2980675041675568,1,tvt_cp_band,,0.0206378470174968,346.864259613998,5.178997525945306e-06,0.422266503010178,1.374790857982589,0.1821390640106983,0.3020496039825957,0.0077471609401982,0.0274984651186969
pretzel,rnd_a,8,414,20,1144,345.4734159549989,345.92938049373333,1.5469773156742217,0.6507250070571899,0.800000011920929,0.331723004579544,1,tvt_cp_band,,0.0224502519995439,345.4509604549967,5.248002707958221e-06,0.4658767930231988,1.798254655994242,0.1826434849936049,0.3095854069979395,0.0099122542887926,0.0285126068629324
pretzel,rnd_a,10,517,20,1144,81.03950240500853,81.75967735922313,1.364416576119244,0.6485509872436523,0.800000011920929,0.3365539908409118,1,tvt_cp_band,,0.0223424550204072,81.0171525659971,7.383991032838821e-06,0.7425131399941165,1.6082828160142526,0.5018862200086005,0.4775531019840855,0.0223381857795175,0.0473902529338374
pretzel,rnd_oe,2,103,20,1144,72.16014362801798,72.33985696799937,1.77571552064676,0.5987684071063996,0.8600000143051147,0.5681805193424225,30,ct_quantile,,0.1168585880077444,72.04327839400503,6.646005203947425e-06,0.1822876899968832,2.059484705008799,0.1606376410054508,0.3107409279909916,0.0025743500154931,0.0280661493889056
pretzel,rnd_oe,4,205,20,1144,50.86805878800806,51.13114169007167,1.3903035175065848,0.6847829818725586,0.75,0.2608700096607208,2,tvt_cp_band,,0.117139962996589,50.75091231201077,6.513000698760152e-06,0.2681262739934027,1.6181785769877024,0.1672233080025762,0.3075345389952417,0.005043371929787,0.0276713529601693
pretzel,rnd_oe,6,311,20,1144,294.09508094901685,294.46139676013263,1.1328192691266181,0.6781160056591033,0.8350000202655792,0.3486315011978149,2,tvt_cp_band,,0.1119594110059551,293.98311475801165,6.779999239370227e-06,0.3737183929770253,1.3226746690052096,0.1753158200008329,0.3009235099889338,0.0074025818612426,0.0267294251243583
pretzel,rnd_oe,8,414,20,1144,351.7748431969958,352.5352421881689,1.8185445602233863,0.6500723004341126,0.8200000166893006,0.3618033915758133,4,ct_quantile,,0.1178922269900795,351.6569437189901,7.251015631482005e-06,0.7706758750136942,2.108604227018077,0.1894054279837291,0.3101492139976471,0.0102768838405609,0.0281892501225229
pretzel,rnd_oe,10,517,20,1144,104.24574885304901,104.57075273912051,0.8040570312920856,0.6376085102558136,0.8300000190734863,0.4012561053037643,4,ct_quantile,,0.1278596570191439,104.11788126200554,7.934024324640632e-06,0.3387610249919817,0.9500281199871096,0.2072781510069035,0.3316102740063797,0.0137571389204822,0.0301868761889636
pretzel,rnd_oe_and_entropy,2,103,20,1144,72.21335992199602,72.56017053686082,3.335068074059697,0.6985509991645813,0.949999988079071,0.5587760210037231,15/1,tvt_cp_band,,0.1170638870098628,72.04327839400503,0.053017640981124645,0.3518389030068646,3.870443260995671,0.3188481669931206,5.152943410968874,0.005028288142057099,0.0551253842713776
pretzel,rnd_oe_and_entropy,4,205,20,1144,50.90970636403654,51.49518677711603,2.9635661606977277,0.6108700037002563,0.75,0.556522011756897,20/3,tvt_cp_band,,0.1173372710181865,50.75091231201077,0.04145678100758226,0.5954778569866903,3.445033263968071,0.3370843740121926,5.088061252987245,0.0099974439071956,0.054713576129870406
pretzel,rnd_oe_and_entropy,6,311,20,1144,294.130892390036,294.9802406721865,2.667280360169984,0.733188796043396,0.800000011920929,0.2227050006389618,45/3,tvt_cp_band,,0.11215762401116071,293.98311475801165,0.03562000801321117,0.8640620689839125,3.1048419610015117,0.35367527202470217,5.076345490990207,0.0147137868334538,0.05347322896705
pretzel,rnd_oe_and_entropy,8,414,20,1144,351.812059355987,353.20434976913384,3.407402820011049,0.6732608079910278,0.800000011920929,0.4224636912345886,5/7,tvt_cp_band,,0.1180977909825742,351.6569437189901,0.03701784601435058,1.412128931027837,3.9533455630298704,0.36940010797115963,5.160099466011161,0.0198385178809985,0.0552767369372304
pretzel,rnd_oe_and_entropy,10,517,20,1144,104.35067874903325,105.53801946382737,2.4324321903722277,0.6569565892219543,0.7650000035762787,0.3981883943080902,4/5,tvt_cp_band,,0.12810255101067008,104.11788126200554,0.10469493601704014,1.2142780150170438,2.8417359739833046,0.4110865840048063,5.9313750339788385,0.0269373002229257,0.059033548197476096
pretzel,similarity,2,103,20,1144,0.5615909979969728,0.5699612280004657,0.07100679042221582,0.4992749989032745,0.5,0.0014489999739453,35,tvt_cp_band,,0.0001823299971874,0.0,0.5614086679997854,0.010891153011471,0.1075836569943931,0.1565803439880255,0.2909882050007581,0.0025209230079781,0.0263518887513782
pretzel,similarity,4,205,20,1144,0.8217583519872277,0.8591761590796522,0.07434518269215988,0.6968840777873992,0.7650000035762787,0.1637678995728492,1,tvt_cp_band,,0.0001792940020095,0.0,0.8215790579852182,0.0425322130031418,0.1126383160008117,0.1673728679888881,0.3084811469889246,0.0051144059107173,0.0275874270009808
pretzel,similarity,6,311,20,1144,0.7467219230020419,0.7708180040644949,0.07247369407437632,0.5731880068778992,0.6000000238418579,0.0536229982972145,7,tvt_cp_band,,0.0001806630170904,0.0,0.7465412599849515,0.0317718790029175,0.1098908340209163,0.1761118999856989,0.2990179269982036,0.0076757979404646,0.0269809279998298
pretzel,similarity,8,414,20,1144,0.6380450729920993,0.6728467519278636,0.073696413256311,0.5628990054130554,0.6599999785423278,0.1942030042409896,2,ct_quantile,,0.000187368976185,0.0,0.6378577040159144,0.047295464988565,0.1117508489987813,0.1859571300155948,0.3033015440159943,0.0124937860528007,0.0274421522335615
pretzel,similarity,10,517,20,1144,1.7736777470272498,1.8699263430607969,0.07762813651539431,0.644927978515625,0.6499999761581421,0.0101450001820921,40,tvt_quantile,,0.0004901770153082,0.0,1.7731875700119415,0.1212853640026878,0.1188442150014452,0.2132352280023042,0.3289037740032654,0.0250367679691407,0.0300376268278341
pretzel,tc,2,103,20,1144,0.0002582670131231766,0.09389574898523267,0.8983593923314491,0.5304350256919861,0.550000011920929,0.3913039863109588,11,ct_quantile,,0.000252055004239,0.0,6.212008884176612e-06,0.0961799020005855,1.0555321449937765,0.1608145289937965,0.3089536899933591,0.002542420028476,0.0278090001665987
pretzel,tc,4,205,20,1144,0.00023060297826296217,0.19467162902583357,0.9046707996753389,0.600724995136261,0.699999988079071,0.1985509991645813,2,tvt_cp_band,,0.0002244619827251,0.0,6.140995537862182e-06,0.1994954399997368,1.0627211459795944,0.1679949350073002,0.3095301360008307,0.0050544139521662,0.0277777511510066
pretzel,tc,6,311,20,1144,0.00023075801436785707,0.29122710894444026,0.9144834137488713,0.5833330154418945,0.6000000238418579,0.0333329997956752,35,tvt_quantile,,0.0002251080004498,0.0,5.650013918057084e-06,0.298691485018935,1.0742532160074916,0.1771203360112849,0.3099869779834989,0.0076951340888626,0.0280841906787827
pretzel,tc,8,414,20,1144,0.00024050698266357828,0.38442596499226045,0.9027310419175204,0.6456519961357117,0.75,0.2608700096607208,1,tvt_cp_band,,0.0002345809771213,0.0,5.92600554227829e-06,0.3944749619986396,1.0608423319936264,0.1886108379985671,0.3002898280101362,0.0102895039890427,0.028118020039983
pretzel,tc,10,517,20,1144,0.0002723550132940655,0.5114855636202265,1.442326025171751,0.5984055161476135,0.6150000095367432,0.0331880997866392,30,tvt_quantile,,0.0002661519974935,0.0,6.203015800565481e-06,0.5247941369889304,1.6851971830183174,0.2051768949895631,0.3398605860129464,0.013580928381998,0.0351762102218344
push_chair,entropy,3,16,20,193,0.035791410016827195,0.09272730586235409,3.7732289348839942,0.6966669917106628,0.8300000190734863,0.2666670083999634,11,ct_quantile,,0.0002083870058413,0.0,0.0355830230109859,0.0586645489966031,0.7405700240051374,0.0386184919916559,0.2810783140012063,0.0017286531510762,0.0123368395725265
push_chair,entropy,5,27,20,193,0.0358054389944299,0.1238458030857145,3.5542668667658104,0.8111903011798859,0.9699999928474426,0.3176193952560425,11,ct_quantile,,0.0002127169864252,0.0,0.0355927220080047,0.090862539014779,0.6980143529945053,0.0415654810203705,0.2675669809977989,0.0028221749234944,0.0120408477087039
push_chair,entropy,7,37,20,193,0.0333541040017735,0.1595305181108415,3.65391784299942,0.833809208869934,1.0,0.3323805868625641,11,tvt_cp_band,,0.0002221600152552,0.0,0.0331319439865183,0.130148021999048,0.7176069830020424,0.0450614780129399,0.2805300439940765,0.00397160788998,0.0124008393031544
push_chair,entropy,10,49,20,193,0.1095434759918134,0.3944938188942615,5.806144403379381,0.8326187074184418,1.0,0.3347615927457809,11,tvt_cp_band,,0.0002850299933925,0.0,0.1092584459984209,0.2927618570101913,1.1425646239949856,0.0680105260107666,0.4287479060003534,0.0078115141077432,0.0219787541427649
push_chair,kern_cd_flat,3,16,20,193,0.1165941239742095,0.1757135900552383,1.344153540235476,0.8573806881904602,0.9749999940395356,0.2404229998588562,1,ct_quantile,0.4954739799723029,0.0002158219867851,0.0,0.1163783019874244,0.0609182810003403,0.2717400460096542,0.0383141850179526,0.2596284059982281,0.0017988149193115,0.0123184127442073
push_chair,kern_cd_flat,5,27,20,193,0.12716587402974242,0.26803782102069795,0.877196809012742,0.9069049179553984,1.0,0.1861901998519897,11,ct_quantile,0.4954739799723029,0.0002333720040041,0.0,0.1269325020257383,0.1455560800095554,0.1880755079910159,0.0467711630044505,0.2666431730031036,0.0046841330185998,0.0187765238515567
push_chair,kern_cd_flat,7,37,20,193,0.1413403049809857,0.3191994790395255,1.2225107966326274,0.8935716986656189,0.9799999952316284,0.1728570997714996,11,ct_quantile,0.4954739799723029,0.0002411629830021,0.0,0.1410991419979836,0.183090169011848,0.2485576640174258,0.0453197940078098,0.2561863799928687,0.0052309949533082,0.0126130802673287
push_chair,kern_cd_flat,10,49,20,193,0.2326493689906783,0.577117391891079,1.0915659283591832,0.8802383065223693,0.9649999916553498,0.1695237010717392,11,ct_quantile,0.4954739799723029,0.0002628079964779,0.0,0.2323865609942004,0.3505214619799517,0.2282830160111189,0.0495131950010545,0.2718385439948179,0.006053439079551,0.0176107918377965
push_chair,kern_cd_flat_eploo,3,16,20,193,0.22104099200805638,0.259434580017114,0.969347849076884,0.8595235884189606,0.9749999940395356,0.2434522002935409,1,ct_quantile,,0.000200525013497,0.0,0.2208404669945594,0.0401478769781533,0.2064352449961006,0.0386798290128354,0.3509607980086002,0.0017542889690957,0.019351110124262
push_chair,kern_cd_flat_eploo,5,27,20,193,0.1094448009971529,0.256938506005099,1.3759784158283046,0.9030953109264374,1.0,0.1938093960285186,11,ct_quantile,,0.000251618999755,0.0,0.1091931819973979,0.1503728270181454,0.3022968680015765,0.0468986890045926,0.2630553240014706,0.0028791220101993,0.0367330337467137
push_chair,kern_cd_flat_eploo,7,37,20,193,0.14852168603101742,0.3006600050430279,0.8772681800496563,0.9069049954414368,0.9949999988079072,0.1761902019381523,11,ct_quantile,,0.0001945340191014,0.0,0.148327152011916,0.156053384009283,0.1887943900073878,0.0475695920176804,0.2679644680174533,0.0039150649972725,0.0194816312578041
push_chair,kern_cd_flat_eploo,10,49,20,193,0.13492892798967648,0.3124253101705107,1.032723687828031,0.891905015707016,0.9799999952316284,0.1761904001235961,11,ct_quantile,,0.0002471230109222,0.0,0.1346818049787543,0.1866672130126971,0.2191165490075945,0.0507616430113557,0.2656747010187246,0.0091708308318629,0.0198008772567845
push_chair,kern_cd_obs,3,16,20,193,0.0016732080257497001,0.0026457759086042,0.05506282283832851,0.8857140958309173,0.949999988079071,0.1285715997219085,5,ct_quantile,0.2761717949761078,0.0002210310194641,0.0,0.0014521770062856,0.0026282879989594,0.0222287539800163,0.0381896409962791,0.258910307980841,0.0016557201161049,0.0116016291722189
push_chair,kern_cd_obs,5,27,20,193,0.0058901080337818,0.0103106937895063,0.08189299028038652,0.9604763865470888,1.0,0.0790472030639648,11,tvt_quantile,0.2761717949761078,0.0005069150065537,0.0,0.0053831930272281,0.0072282780020032,0.0276057839801069,0.0433892330038361,0.2574968120025005,0.0028076922462787,0.0118004368559923
push_chair,kern_cd_obs,7,37,20,193,0.017247544019483,0.034876880963565796,0.1776626428898057,0.95,1.0,0.1000000014901161,11,tvt_cp_band,0.2761717949761078,0.0002303130168002,0.0,0.0170172310026828,0.0242049820080865,0.0645075330103281,0.0636322570207994,0.2710471379978116,0.0065756450640037,0.0302186429325956
push_chair,kern_cd_obs,10,49,20,193,0.0473516670172102,0.1052746489585842,0.2114594601266031,0.895476096868515,0.9949999988079072,0.1990476012229919,13,ct_quantile,0.2761717949761078,0.0002461319963913,0.0,0.0471055350208189,0.0636132879881188,0.0528890699788462,0.048575371998595,0.2708719779911916,0.0056903060467448,0.0120773941744118
push_chair,kern_cd_obs_eploo,3,16,20,193,0.0027772269968408003,0.0038068429566919006,0.09107043700644976,0.91214280128479,0.9849999964237212,0.1457142025232315,11,ct_quantile,,0.0004196829977445,0.0,0.0023575439990963,0.0027025669987779,0.0358518170251045,0.0387465259991586,0.2716184300079476,0.0016729510389268,0.0182752226828597
push_chair,kern_cd_obs_eploo,5,27,20,193,0.0059577990032266,0.0150209010462275,0.0892255162407637,0.9588096916675568,1.0,0.0823806010186672,11,tvt_quantile,,0.0002964400046039,0.0,0.0056613589986227,0.0118070740136317,0.0287126220064237,0.0738430519995745,0.2524454590165987,0.0027439719706308,0.0114920973719563
push_chair,kern_cd_obs_eploo,7,37,20,193,0.013335854018805401,0.023921637010062,0.10112790243671194,0.9109524011611938,0.9949999988079072,0.1702116012573242,5,ct_quantile,,0.0002191310049965,0.0,0.0131167230138089,0.0144038940197788,0.030990555009339,0.0453479870047885,0.2579701129870955,0.0038181110285222,0.0114728698390536
push_chair,kern_cd_obs_eploo,10,49,20,193,0.0096162410045507,0.027510656043887,0.06140458866244508,0.8864284992218018,1.0,0.2271429009735584,15,ct_quantile,,0.0002200019953306,0.0,0.0093962390092201,0.0233369540073908,0.0233827800257131,0.0735868019983172,0.2592382410075515,0.0054425389680545,0.0115316944138612
push_chair,logpzo,3,16,20,193,6.295665164972888,6.336065765906824,2.3592866764469025,0.8023809790611267,0.8500000238418579,0.0952380001544952,2,ct_quantile,,0.0580883009824901,0.0,6.237576863990398,0.0422056970128323,0.4677182140003424,0.0386041479941923,0.2798252849897835,0.0018050960788968,0.0123758854460902
push_chair,logpzo,5,27,20,193,5.080353794008261,5.132855434989324,1.9694181936346666,0.8042859911918641,0.8899999856948853,0.1714289933443069,2,ct_quantile,,0.1723467379924841,0.0,4.9080070560157765,0.0555577269988134,0.3934487479855306,0.0440763999940827,0.2800396940147038,0.0030560860177502,0.0133510366140399
push_chair,logpzo,7,37,20,193,6.616197181981988,6.740636378817726,3.193094549668046,0.8042860150337219,0.9399999856948852,0.2714285105466842,11,ct_quantile,,0.0610524929943494,0.0,6.555144688987639,0.1284267799928784,0.6286483080184553,0.0428449949831701,0.2659431510255672,0.0039875831571407,0.0123810599325224
push_chair,logpzo,10,49,20,193,10.110364048014164,10.221183900081089,4.39338402736961,0.8173813045024871,0.949999988079071,0.265238407254219,11,ct_quantile,,0.2138809630123432,0.0,9.89648308500182,0.1171742489968892,0.8617433939944021,0.0511611910187639,0.2889010620128829,0.0063543969299644,0.0138202767120674
push_chair,rnd_a,3,16,20,193,344.6688536580187,344.69970598811057,1.6593612642136009,0.7333329916000366,0.8999999761581421,0.3703700006008148,1,tvt_cp_band,,0.0235576110135298,344.6452914240072,4.622997948899865e-06,0.0325991610006894,0.332606777024921,0.0383922570035792,0.2806851239874959,0.0017468309088144,0.012350053031696
push_chair,rnd_a,5,27,20,193,345.7363599619712,345.77658408504794,1.274056912404654,0.5754757940769195,0.6949999868869782,0.2390473991632461,11,ct_quantile,,0.0199486969795543,345.71640548697906,5.778012564405799e-06,0.0432261840032879,0.258791995991487,0.0441780370019841,0.2801202929986175,0.0030020609265193,0.0128990118973888
push_chair,rnd_a,7,37,20,193,345.9716667039902,346.08720564993564,2.6261479543447206,0.8619049787521362,1.0,0.2761900126934051,4,tvt_cp_band,,0.0194235990056768,345.95223753197934,5.573005182668567e-06,0.1196652049839031,0.5198883079865482,0.0441145549993962,0.2784338550118264,0.0041262590384576,0.0130417527980171
push_chair,rnd_a,10,49,20,193,85.95911830497789,86.37580345978495,9.004469963943905,0.819524097442627,0.9549999952316284,0.270952108502388,3,tvt_cp_band,,0.1235611089796293,85.8355514529976,5.743000656366348e-06,0.4230759560014121,1.7518739149963949,0.0490674620086792,0.2900448449945543,0.0063908011943567,0.0140112119552213
push_chair,rnd_oe,5,27,20,193,54.3587841099652,54.37593697090051,0.9076778444888585,0.9066667973995208,1.0,0.1866664052009582,11,ct_quantile,,0.1067395879945252,54.25203615697683,8.364993846043944e-06,0.0200926589895971,0.1876700969878584,0.0433459830237552,0.278549207985634,0.0029397980542853,0.0124882730015087
push_chair,rnd_oe,7,37,20,193,350.81136009295005,350.8928810519574,2.2851753063980067,0.7314285039901733,0.8350000202655792,0.2071430042386055,11,tvt_cp_band,,0.1254084669926669,350.6859448879841,6.737973308190703e-06,0.0855842659948393,0.4535146970010828,0.0450826979940757,0.2786892649892252,0.0040633069875184,0.0124758628662675
push_chair,rnd_oe,10,49,20,193,93.48909857997205,93.91871063387953,2.3795503366272897,0.7723810970783234,0.824999988079071,0.1052381001412868,1,ct_quantile,,0.1676842670131009,93.32140741997864,6.892980309203267e-06,0.4358097069780342,0.4723452070029452,0.0492081260017585,0.2879099260026123,0.0061976530705578,0.0130919920338783
push_chair,rnd_oe_and_entropy,5,27,20,193,54.39458954895963,54.499782773986226,4.461944711254669,0.8702383995056152,1.0,0.2595240131020546,3/2,tvt_quantile,,0.10695230498095039,54.25203615697683,0.035601087001850745,0.1109551980043761,0.8856844499823637,0.0849114640441257,4.619974735978758,0.0057619729777797,0.0245291207102126
push_chair,rnd_oe_and_entropy,7,37,20,193,350.8447141969518,351.0524115700682,5.939093149397427,0.8402378916740417,1.0,0.3195240974426269,1/11,ct_quantile,,0.1256306270079221,350.6859448879841,0.03313868195982649,0.21573228799388733,1.1711216800031252,0.0901441760070156,4.540909026982263,0.008034914877498401,0.0248767021694219
push_chair,rnd_oe_and_entropy,10,49,20,193,93.59864205596386,94.31320445277379,8.18569474000667,0.8426192879676819,0.9799999952316284,0.2747617095708847,11/3,tvt_quantile,,0.1679692970064934,93.32140741997864,0.1092653389787301,0.7285715639882255,1.6149098309979308,0.1172186520125251,5.058868366992101,0.014009167178301,0.0350707461766432
push_chair,similarity,3,16,20,193,0.0134362409589812,0.0153911869565491,0.0881486359098202,0.5,0.5,0.0,1,ct_quantile,,0.0001810079847928,0.0,0.0132552329741884,0.00363751698751,0.028843976004282,0.0384077949856873,0.279154396004742,0.0016825709899421,0.0118312892736867
push_chair,similarity,5,27,20,193,0.0138567889807745,0.0169274181535001,0.0850620208768938,0.5,0.5,0.0,1,ct_quantile,,0.0001931799924932,0.0,0.0136636089882813,0.0058516860008239,0.0278787789866328,0.0410134239937178,0.2657911760034039,0.0027810568280983,0.0114618089573923
push_chair,similarity,7,37,20,193,0.0320039470097981,0.036212598119163796,0.0860609750232026,0.5,0.5,0.0,1,ct_quantile,,0.0002063749998342,0.0,0.0317975720099639,0.0080389799841213,0.0280984200071543,0.043058890994871,0.2678098900069017,0.0038303288747556,0.0114886518276762
push_chair,similarity,10,49,20,193,0.0855483469786122,0.09529391187243161,0.09273381486361347,0.5,0.5,0.0,1,ct_quantile,,0.0002138399868272,0.0,0.085334506991785,0.025359152990859,0.0304505499952938,0.0520592799875885,0.2859432480181567,0.0156135880970396,0.0125529237266164
push_chair,tc,3,16,20,193,0.00023051802418190385,0.2502726299280766,17.04160056446095,0.7285709977149963,0.800000011920929,0.1428570002317428,11,tvt_cp_band,,0.0002245120122097,0.0,6.006011972203851e-06,0.2519615899946075,3.310399807000067,0.0385247780068311,0.3047784620139282,0.0019194780907128,0.0213708980591036
push_chair,tc,5,27,20,193,0.00024209299590435176,0.4097620251704938,16.44888287560937,0.7449999988079071,0.8949999809265137,0.3000000119209289,11,ct_quantile,,0.0002361329970881,0.0,5.959998816251755e-06,0.4135124919994268,3.1958063769852743,0.0632854079885874,0.3018504040082916,0.0039925598248373,0.0211719819926656
push_chair,tc,7,37,20,193,0.0002606969792395571,0.6087733850290533,16.985358090539233,0.7349999964237213,0.8849999904632568,0.3000000119209289,11,ct_quantile,,0.0002541879948694,0.0,6.508984370157123e-06,0.6149481650209054,3.299794137012213,0.0646571360121015,0.3027715700154658,0.0064354769710917,0.0216200255381409
push_chair,tc,10,49,20,193,0.0003198989725205814,1.1675162165774962,17.068910809539002,0.7271429002285004,0.875,0.295714208483696,11,ct_quantile,,0.0003102679911535,0.0,9.630981367081404e-06,1.1771234550105871,3.31444778299192,0.0670557589910458,0.3185474330093711,0.0099271374056115,0.020147996750893
push_t,entropy,5,140,300,9458,0.033684099005768,0.3707437920675146,2.3898299821274303,0.5538613021373748,0.7382800042629242,0.4161721974611282,20,ct_quantile,,0.0002316450118087,0.0,0.0334524539939593,0.3414141109969932,22.875488055986352,0.0878830119909253,1.1794071810145397,0.0043544179352466,0.2724760850251186
push_t,entropy,10,281,300,9458,0.0358390740002505,0.7183254119299818,2.379390531094536,0.55363450050354,0.7331252038478852,0.4053865998983383,20,ct_quantile,,0.0002004289999604,0.0,0.0356386450002901,0.6910106060095131,22.775579403009036,0.0926991840242408,1.156745687010698,0.0085242680797819,0.2713037599169183
push_t,entropy,20,588,300,9458,0.035016662004636497,1.4273957551340573,2.3859134909222153,0.5504066050052643,0.6513962030410767,0.2257127001881599,11,tvt_quantile,,0.0002401260135229,0.0,0.0347765359911136,1.4098438630171586,22.83895067099365,0.1359479930251836,1.171236777008744,0.0174647698877379,0.2729808738513384
push_t,entropy,35,994,300,9458,0.04247123101959,2.3865421494992916,2.399504842411618,0.572213101387024,0.7242127001285553,0.3456959962844849,15,tvt_cp_band,,0.0002354700118303,0.0,0.0422357610077597,2.374321438022889,22.968606929003727,0.1494025319989305,1.171172127011232,0.0302505195431876,0.2740901294746436
push_t,entropy,50,1452,300,9458,0.046409497008426004,3.530483959679259,2.412734056117201,0.5594609975814819,0.6985887944698334,0.3462588042020798,9,tvt_cp_band,,0.0002104090235661,0.0,0.0461990879848599,3.5292435599840246,23.10183916200185,0.1779919079854153,1.213520272023743,0.0451690973131917,0.2822004592453595
push_t,kern_cd_flat,5,140,300,9458,0.1432839229819364,0.3098886409134138,0.19062288795215987,0.5131556034088135,0.5346406102180481,0.0465959995985031,1,ct_quantile,5.504537314991467,0.0002266500086989,0.0,0.1430572729732375,0.1733757850015536,2.1891992349992506,0.0713234310096595,1.100189025979489,0.0067710670700762,0.3862879607477225
push_t,kern_cd_flat,10,281,300,9458,0.1655648850137367,0.3918528720969333,0.22072640084085499,0.5247751951217652,0.5606060028076172,0.0750750012695789,1,tvt_cp_band,5.504537314991467,0.000272211007541,0.0,0.1652926740061957,0.2405637530027888,2.4691091480199248,0.0792817969922907,1.134969662001822,0.0142757659195922,0.3814788488671183
push_t,kern_cd_flat,20,588,300,9458,17.878872246015817,18.207334494771203,0.19646371891597028,0.5694172024726868,0.6573231935501098,0.2942830979824066,3,tvt_cp_band,5.504537314991467,0.0002402370155323,0.0,17.878632009000285,0.3558837789751123,2.2728104540146887,0.1181107640150003,1.103949438984273,0.0274215302197262,0.4146566005074419
push_t,kern_cd_flat,35,994,300,9458,61.312562050967244,61.654799135023495,0.2130928746765368,0.5484198033809662,0.5691473066806794,0.0892971999943256,2,ct_quantile,5.504537314991467,0.0002378549834247,0.0,61.31232419598382,0.390074625989655,2.291340274008689,0.1335862640116829,1.0947596410114784,0.0478375419334042,0.275907865318004
push_t,kern_cd_flat,50,1452,300,9458,0.1701972839946392,0.60262649419019,0.196829141103059,0.5663501024246216,0.6592243909835815,0.2558525994420051,35,ct_quantile,5.504537314991467,0.0002796569897327,0.0,0.1699176270049065,0.4925635440158658,2.240928640996572,0.1639658029889688,1.1550044739851728,0.060134333820315,0.3793186244438402
push_t,kern_cd_flat_eploo,5,140,300,9458,0.1640949430293403,0.2935643560485914,0.16219308574596916,0.5755359053611755,0.6149432182312011,0.1894091039896011,1,tvt_quantile,,0.0002335010212846,0.0,0.1638614420080557,0.1364518810005393,1.9715119980101008,0.0787700870132539,1.1007042869750876,0.0069824679812882,0.4374897930247243
push_t,kern_cd_flat_eploo,10,281,300,9458,0.1250669580185785,0.3266489319503307,0.1721345071609355,0.5668356955051422,0.6077243983745575,0.1343851000070572,1,tvt_cp_band,,0.0002620450104586,0.0,0.1248049130081199,0.2157085050130263,2.070815768005559,0.0824582290078979,1.057154698995873,0.0141265310812741,0.4427675992774311
push_t,kern_cd_flat_eploo,20,588,300,9458,4.619597014010651,4.866197383089457,0.08978550495228993,0.5925855994224548,0.7343135893344879,0.2834561973810195,2,tvt_quantile,,0.0002294600126333,0.0,4.619367553998018,0.2750996719987597,1.229980321979383,0.1282319029851351,1.0835752800048797,0.028499302919954,0.3807890161406249
push_t,kern_cd_flat_eploo,35,994,300,9458,26.785695084981853,27.102034687413834,0.06338963023960283,0.5647298932075501,0.6993460059165955,0.3028868943452835,2,tvt_cp_band,,0.0002518699911888,0.0,26.785443214990664,0.3478316550026648,0.8725482599984389,0.1296517350128851,1.0328694460040424,0.0314920525706838,0.2730091371922754
push_t,kern_cd_flat_eploo,50,1452,300,9458,0.1539642729912884,0.5512385529873427,0.18145171433448323,0.5757793009281158,0.7010249972343445,0.3193550020456314,2,tvt_cp_band,,0.0002538289991207,0.0,0.1537104439921677,0.4458155609900132,2.001883482997073,0.1500857159844599,1.084785359998932,0.0485412809939589,0.2857131688215304
push_t,kern_cd_obs,5,140,300,9458,0.014211291010724299,0.0306743049586657,0.018602537067453826,0.5088209867477417,0.5092990040779114,0.0009567999979481,1,ct_quantile,0.254216844914481,0.0002416009956505,0.0,0.0139696900150738,0.023546902986709,0.4381134269933682,0.0925869499915279,1.2148571949801408,0.0070838890387676,0.2621706314093899
push_t,kern_cd_obs,10,281,300,9458,0.0248945419734809,0.0645701308676506,0.020993734702976406,0.541232806444168,0.5516342043876648,0.0220309998840093,1,ct_quantile,0.254216844914481,0.0002460289979353,0.0,0.0246485129755456,0.0480513949878513,0.4625840520020574,0.0740434429899323,1.1055566240102053,0.0083758060936816,0.2640253091813065
push_t,kern_cd_obs,20,588,300,9458,15.85489005499403,15.954125493997708,0.021523722397678708,0.5953226029872895,0.6035057961940765,0.0226998997852206,1,ct_quantile,0.254216844914481,0.0002430320018902,0.0,15.85464702299214,0.1279681290034204,0.4831865220039617,0.1300381849869154,1.0836007380275987,0.0287326899997424,0.2796151555667165
push_t,kern_cd_obs,35,994,300,9458,62.42982892796863,62.54045284027234,0.018321671148601202,0.5711814999580384,0.5793375015258789,0.0265738001093268,1,ct_quantile,0.254216844914481,0.0002513209765311,0.0,62.4295776069921,0.1605261790100485,0.4369794160011224,0.1295057230163365,1.085946455015801,0.04990226670634,0.2636930502776522
push_t,kern_cd_obs,50,1452,300,9458,0.0424422989890444,0.22440377465682088,0.01668839791525655,0.5876033902168274,0.6868389129638672,0.2043598994612693,40,ct_quantile,0.254216844914481,0.0002918849932029,0.0,0.0421504139958415,0.225811383977998,0.4293590380111709,0.1589077110111247,1.1444613320054486,0.0438499083102215,0.2715201705286745
push_t,kern_cd_obs_eploo,5,140,300,9458,0.011385994032025299,0.030442874005529995,0.014437257451104538,0.5754929780960083,0.6179440021514893,0.2401539981365203,2,tvt_quantile,,0.0004283600137569,0.0,0.0109576340182684,0.0234763829794246,0.4235327010101173,0.0945908789872191,1.0210139000264462,0.0044195030059199,0.2869851200375706
push_t,kern_cd_obs_eploo,10,281,300,9458,0.011362955992808501,0.044854632025817305,0.019566300633796895,0.5951766967773438,0.7317589104175568,0.2798116952180862,2,tvt_quantile,,0.0002882670087274,0.0,0.0110746889840811,0.0447765969729516,0.4694461559993215,0.1014521330071147,1.043854445015313,0.0112849209399428,0.2843880846048705
push_t,kern_cd_obs_eploo,20,588,300,9458,1.165328467992367,1.2151942623022476,0.01873333769446512,0.6219210028648376,0.7254899740219116,0.2485670000314712,2,tvt_cp_band,,0.0002405850100331,0.0,1.165087882982334,0.0672790569951757,0.4438689759990666,0.1170714820036664,1.0207986939931288,0.0174132626852951,0.2666890680848155
push_t,kern_cd_obs_eploo,35,994,300,9458,4.173186372994678,4.265961054043146,0.015055035656439389,0.6288307964801788,0.7958999872207642,0.3500497072935104,5,tvt_cp_band,,0.000265403999947,0.0,4.172920968994731,0.1455619030166417,0.4029187480045948,0.1291161690023727,1.0237824519863352,0.0527872219681739,0.2605282207659911
push_t,kern_cd_obs_eploo,50,1452,300,9458,0.0311675889824982,0.11312120626098468,0.015414162800086234,0.6279853940010071,0.8475936949253082,0.478105702996254,3,tvt_cp_band,,0.0002463409909978,0.0,0.0309212479915004,0.1447694870003033,0.4080256620072759,0.1478462450031656,1.048448574001668,0.0628158697218168,0.2622385102440603
push_t,logpzo,10,281,300,9458,9.784736207977403,11.309056427620817,3.8194248581125048,0.5400959849357605,0.5467021942138672,0.0926112025976181,3,ct_quantile,,0.0684110909933224,0.0,9.71632511698408,1.533423793996917,36.41466623498127,0.0915717990137636,1.0988049450097606,0.009103574353503,0.2905459269532002
push_t,logpzo,20,588,300,9458,23.739944808010478,27.980809045257047,7.014440723155397,0.5569835007190704,0.6218210101127625,0.3245831996202469,30,tvt_quantile,,0.1660559230076614,0.0,23.573888885002816,4.259544914995786,66.6369906150212,0.1361090780119411,1.1001451640040614,0.0186806777492165,0.2944102554174606
push_t,logpzo,35,994,300,9458,32.03092851303518,37.08175098930951,5.043240678349201,0.5566408038139343,0.5611110925674438,0.0529029995203018,1,ct_quantile,,0.122888784011593,0.0,31.908039729023585,5.083221195003716,47.99503451201599,0.146519272995647,1.095264049974503,0.0323987187293823,0.2960641761892475
push_t,logpzo,50,1452,300,9458,34.27518764798879,37.81580680279876,2.429744026920157,0.5681111991405488,0.8479501068592071,0.6260803043842316,30,tvt_quantile,,0.0800669159798417,0.0,34.195120732008945,3.587009245005902,23.27237371201045,0.1748315129952971,1.1255495499935932,0.0463900901959277,0.2918547053996008
push_t,rnd_a,5,140,300,9458,328.8710823820147,329.02975704098935,3.259284545134357,0.5022655993700027,0.543092793226242,0.2477540001273155,1,ct_quantile,,0.0185357590089552,328.8525413510215,5.27198426425457e-06,0.1631033739831764,31.11618958399049,0.0876875570102129,1.1585802929766942,0.0044287150085438,0.2898763561097439
push_t,rnd_a,10,281,300,9458,360.3716341959662,362.1646764089819,2.4512647175713864,0.5040022999048233,0.571583491563797,0.4041054010391235,11,ct_quantile,,0.1045554599841125,360.2670728889934,5.846988642588258e-06,1.8019991169858256,23.477500796027016,0.0912559239950496,1.1503051960025914,0.0089569039701018,0.2934390972368419
push_t,rnd_a,20,588,300,9458,365.6492222970119,368.3652094193094,4.458869884917495,0.5597412049770355,0.8191326022148132,0.5552374005317688,2,tvt_cp_band,,0.0736711100034881,365.5755451100122,6.076996214687824e-06,2.734743218985386,42.46486212400487,0.1354424769815523,1.1675502660218626,0.0187560966878663,0.292870752455201
push_t,rnd_a,35,994,300,9458,370.15866461000405,373.46554996681516,3.206800014109309,0.5412146031856537,0.7865121066570282,0.6864362955093384,40,ct_quantile,,0.065206355007831,370.0934519050061,6.349990144371986e-06,3.3393222829909064,30.622864810022293,0.1462143230019137,1.1623474350199103,0.0324369261797983,0.2929502765764482
push_t,rnd_a,50,1452,300,9458,293.9095712270064,295.9820952209993,1.405899752125955,0.5455103099346161,0.7641562998294831,0.6444315016269684,35,ct_quantile,,0.0227320039994083,293.8868331220001,6.1010068748146296e-06,2.1190088489966,13.58634443100891,0.1753975799947511,1.2109992100158706,0.0464848550036549,0.2893445754016284
push_t,rnd_oe,5,140,300,9458,327.20777496302617,328.41092509101145,2.6412772336614787,0.5,0.5,0.0,1,tvt_quantile,,0.1709838079987093,327.0367848580063,6.297021172940731e-06,1.2076309270050842,25.261475616018288,0.0884623639867641,1.1185255169984885,0.0044807990198023,0.2802755400480237
push_t,rnd_oe,10,281,300,9458,363.48699475999456,363.72280970183783,1.5874057636810877,0.5216541051864624,0.5319666028022766,0.0261530000716447,1,ct_quantile,,0.1190826540114358,363.3679049179773,7.188005838543177e-06,0.2447995280090253,15.2989897079824,0.0926997860078699,1.1493411389819812,0.0089845861657522,0.2853059950866736
push_t,rnd_oe,20,588,300,9458,315.47277465401567,317.74369450693484,3.7186776605011,0.5293653964996338,0.5387700021266937,0.0224807001650333,1,ct_quantile,,0.1413498299953062,315.3314190560195,5.7680008467286825e-06,2.2890215019870084,35.455742489983095,0.1351151910203043,1.1386278249847237,0.0181016490678302,0.2844891769636888
push_t,rnd_oe,35,994,300,9458,372.19166721001966,375.3620295841247,3.2124216082015455,0.5212399959564209,0.5311497986316681,0.0250754998996853,1,ct_quantile,,0.1340628920006565,372.0575971850194,7.13299959897995e-06,3.201734280009987,30.6675325469987,0.1469260090088937,1.135763425991172,0.0313719059049617,0.2844489766284823
push_t,rnd_oe,50,1452,300,9458,297.2314412300184,298.47699441894656,0.785375204725588,0.5457657992839813,0.5544265031814575,0.0216943001374602,1,ct_quantile,,0.1219676120090298,297.1094649969891,8.62102024257183e-06,1.2924066319828853,7.721503757027676,0.175052841019351,1.1740799539838918,0.0468534430547151,0.2934250707330648
push_t,rnd_oe_and_entropy,5,140,300,9458,327.24145906203194,328.78166888307896,5.031107215788909,0.5702305018901825,0.7330955982208252,0.4156012028455734,1/20,ct_quantile,,0.171215453010518,327.0367848580063,0.03345875101513224,1.5490450380020775,48.13696367200464,0.1763453759776894,20.37449041902437,0.008835216955048901,0.5527516250731423
push_t,rnd_oe_and_entropy,10,281,300,9458,363.5228338339948,364.4411351137678,3.966796294775623,0.5659804940223694,0.6497030019760132,0.1978406995534896,1/9,tvt_quantile,,0.1192830830113962,363.3679049179773,0.03564583300612864,0.9358101340185384,38.07456911099143,0.1853989700321107,20.260480344004463,0.017508854245534097,0.5566097550035919
push_t,rnd_oe_and_entropy,20,588,300,9458,315.5077913160203,319.1710902620689,6.104591151423316,0.5654185950756073,0.6665925085544586,0.3499303996562958,1/9,tvt_cp_band,,0.14158995600882912,315.3314190560195,0.03478230399196033,3.698865365004167,58.29469316097675,0.2710631840454879,20.338968489988474,0.0355664189555681,0.5574700508150272
push_t,rnd_oe_and_entropy,35,994,300,9458,372.23413844103925,377.748571733624,5.611926450613163,0.5850175082683563,0.6966130077838898,0.3033517003059387,2/9,tvt_cp_band,,0.1342983620124868,372.0575971850194,0.04224289400735868,5.576055718032876,53.63613947600243,0.2963285410078242,20.447190178994788,0.061622425448149304,0.558539106103126
push_t,rnd_oe_and_entropy,50,1452,300,9458,297.2778507270268,302.0074783786258,3.1981092608427892,0.5695095002651215,0.697266697883606,0.3277249991893768,2/40,tvt_cp_band,,0.1221780210325959,297.1094649969891,0.046207709005102474,4.82165019196691,30.823342919029525,0.35304474900476635,20.712563005014086,0.0920225403679068,0.5756255299784243
push_t,similarity,5,140,300,9458,0.1274925219768192,0.1419331809156574,0.075299004032377,0.4999591946601868,0.5,8.219999726861715e-05,1,tvt_quantile,,0.0001960469817277,0.0,0.1272964749950915,0.0213089540193323,0.984113109007012,0.0870280060044024,1.1504975850111805,0.0068682950804941,0.2719351288687903
push_t,similarity,10,281,300,9458,0.1249183790059759,0.1526513107819481,0.07569347663956237,0.4976383954286575,0.5,0.0047231000615283,1,tvt_quantile,,0.0002134600072167,0.0,0.1247049189987592,0.0421335879946127,0.9860809840029106,0.0929419260064605,1.1435583280108403,0.0144006562186405,0.2701720819459297
push_t,similarity,20,588,300,9458,0.0347757900308351,0.0803414076508488,0.07606567972681673,0.5584312975406647,0.7005347907543182,0.2881572037935257,4,tvt_cp_band,,0.0002119940181728,0.0,0.0345637960126623,0.0629351739771664,0.9927829670195932,0.1353509160107933,1.1416474559810013,0.0173695563571527,0.2733537681633606
push_t,similarity,35,994,300,9458,0.1914773039752616,0.2700008495012297,0.0758144303126413,0.5340775966644287,0.5480688989162446,0.0586380004882812,1,ct_quantile,,0.0002042529813479,0.0,0.1912730509939137,0.1094164499954786,0.9884299069817644,0.1472259690053761,1.1365714099956676,0.0308929044695105,0.2713770250848029
push_t,similarity,50,1452,300,9458,0.17403316701529528,0.28506438806653006,0.07512362830727945,0.5654478967189789,0.5874926030635834,0.0759580999612808,2,ct_quantile,,0.000205464020837,0.0,0.1738277029944583,0.1562454930099193,0.993597257998772,0.1746942199824843,1.1529608819982968,0.0452142719586845,0.2830779814685229
push_t,tc,5,140,300,9458,0.00027085698093286763,1.7185312308720313,10.729883370974706,0.611640989780426,0.7413840293884277,0.2838580012321472,3,tvt_cp_band,,0.0002643110055942,0.0,6.545975338667631e-06,1.7243897269945592,101.78408290399238,0.1185124010080471,1.1625138929812238,0.0061293531034607,0.3008459813136142
push_t,tc,10,281,300,9458,0.00027278703055341996,3.200278360134689,11.298034380177127,0.6073057889938355,0.7254604995250702,0.2735014021396637,2,ct_quantile,,0.0002669960085768,0.0,5.791021976619959e-06,3.2157760720001534,107.23651414801134,0.091493274027016,1.1850578619923908,0.0157704988960176,0.3797049802960828
push_t,tc,20,588,300,9458,0.00026203002198596894,6.09855320409406,10.484567900062054,0.6364892005920411,0.7571896970272064,0.3495470970869064,7,ct_quantile,,0.0002560529974289,0.0,5.977024557068944e-06,6.1169035299972165,99.45676470300532,0.1357194879965391,1.1728600709757302,0.0186123559251427,0.2937215042184107
push_t,tc,35,994,300,9458,0.0002611219824756688,10.42011466016993,10.353258080769132,0.6301338911056519,0.8806594252586365,0.5087596982717514,25,tvt_cp_band,,0.0002544879971537,0.0,6.633985321968794e-06,10.451903025998035,98.21284415601986,0.1469282699981704,1.1693518600077368,0.0320494878105819,0.291729228105396
push_t,tc,50,1452,300,9458,0.0002369899884796895,15.85720645947731,10.999142684518281,0.639672988653183,0.8088231921195984,0.3383020102977753,1,tvt_cp_band,,0.0002311989956069,0.0,5.790992872789502e-06,15.917519626993451,104.4100433709973,0.1737487469799816,1.1963870479958132,0.0605501575046218,0.3801518608233891
sorting,entropy,5,238,400,19124,0.0347268669574986,0.24210930400295172,0.8839590965068406,0.5479659914970398,0.6251048028469086,0.3340535968542099,5,ct_quantile,,0.000237185973674,0.0,0.0344896809838246,0.2135004609881434,17.387890434009023,0.1943663939891848,1.5477585059998091,0.0061180239426903,0.4830566724122036
sorting,entropy,10,428,400,19124,0.0361770049785262,0.4251031777239403,0.8775911117170284,0.5478287994861603,0.6319945931434632,0.4547209978103638,20,ct_quantile,,0.0002692329871933,0.0,0.0359077719913329,0.3999340109876357,17.264370726014022,0.2063171420013532,1.5330384070111904,0.0110078382422216,0.4813183055375702
sorting,entropy,20,838,400,19124,0.046118032973026704,0.7833392071188428,0.88169813812976,0.5467709958553314,0.6335092008113861,0.4476496994495392,20,ct_quantile,,0.0002310469863004,0.0,0.0458869859867263,0.7584926209819969,17.342535790987313,0.2347250920138321,1.5077507109963335,0.0212714468361809,0.4809405973937828
sorting,entropy,35,1445,400,19124,0.052908154990291105,1.3169117011420892,0.8643059450526465,0.5470795035362244,0.6362407088279725,0.4441670000553131,20,ct_quantile,,0.0002180379815399,0.0,0.0526901170087512,1.3002314580080565,17.00182275698171,0.2691682529984973,1.5259333660069387,0.0362279118562582,0.4728358637948986
sorting,entropy,50,2076,400,19124,0.033606411976506906,1.8950071941653734,0.8810201499630156,0.54253249168396,0.6140093982219696,0.3347905993461609,5,ct_quantile,,0.0002209389931522,0.0,0.0333854729833547,1.915251514001284,17.346182064007735,0.3271332530130166,1.5243932740122546,0.0538507318124175,0.4975527161150239
sorting,kern_cd_flat,5,238,400,19124,58.44327397897723,58.61492107299273,0.1118999849384119,0.4933903992176056,0.6173699975013733,0.3507799983024597,13,tvt_cp_band,13.249704419868069,0.0002329330018255,0.0,58.443041045975406,0.1775711239897646,2.7545225310022943,0.1939485829789191,1.4870495150098575,0.0059240299742668,0.6145472190401051
sorting,kern_cd_flat,10,428,400,19124,0.17994169201119797,0.32947097482974635,0.11481988157640316,0.5268154919147492,0.7055711925029755,0.6238391995429993,30,tvt_cp_band,13.249704419868069,0.0002573950041551,0.0,0.1796842970070429,0.1603584919939749,2.72698544501327,0.205681812018156,1.471232104988303,0.0108292091754265,0.5311700297461357
sorting,kern_cd_flat,20,838,400,19124,0.1632067780010401,0.4132941332063637,0.1161303088933786,0.54738529920578,0.6109127044677735,0.1570208989083767,40,tvt_cp_band,13.249704419868069,0.0002404680126346,0.0,0.1629663099884055,0.2830767950217705,3.0226323030074127,0.2332974129822105,1.458902833983302,0.0329894398164469,0.8017562757304404
sorting,kern_cd_flat,35,1445,400,19124,0.4104290769901126,0.7476755187963134,0.12464978557777012,0.5631655037403107,0.6296144008636475,0.1440692998468876,20,tvt_cp_band,13.249704419868069,0.0002285549999214,0.0,0.4102005219901912,0.3970117759890854,3.2525328889896628,0.2764914959843736,1.4529873710125685,0.0597653341828845,0.8687303896003868
sorting,kern_cd_flat,50,2076,400,19124,0.5894212809798773,1.1706374578934629,0.1418694279047442,0.559630298614502,0.6950778961181641,0.4117624044418335,30,tvt_cp_band,13.249704419868069,0.0002392239985056,0.0,0.5891820569813717,0.645507303008344,3.268831834982848,0.3265277209866326,1.4866646860027686,0.0642911260947585,0.5557208957325201
sorting,kern_cd_flat_eploo,5,238,400,19124,1.6759196339990012,1.8554802168509923,0.03912165258010858,0.5474644958972931,0.6734617948532104,0.7151105046272278,50,ct_quantile,,0.0002341289946343,0.0,1.6756855050043669,0.1894441090116743,1.2503598899929784,0.1938268929952755,1.447903813997982,0.0098835261596832,0.502197406050982
sorting,kern_cd_flat_eploo,10,428,400,19124,0.10166421800386151,0.30373606807552267,0.10876683314210638,0.557341706752777,0.707714706659317,0.674520593881607,45,ct_quantile,,0.0002455509966239,0.0,0.1014186670072376,0.2202746509865392,2.5843603440152947,0.2105205449915956,1.4479901820013763,0.018202800914878,0.5043034270056523
sorting,kern_cd_flat_eploo,20,838,400,19124,0.1521753009583334,0.4035712206969037,0.12369665887114849,0.56458660364151,0.7209939002990723,0.6236970901489258,40,ct_quantile,,0.0002477019734214,0.0,0.151927598984912,0.2854302430059761,2.9200137429870665,0.2353113959834445,1.488103420997504,0.0340343232674058,0.5544388387352228
sorting,kern_cd_flat_eploo,35,1445,400,19124,0.2885492519999388,0.633509749197401,0.12330567495692096,0.581719595193863,0.7316497981548309,0.4960216075181961,25,ct_quantile,,0.0002404770057182,0.0,0.2883087749942206,0.3889598849928006,3.0690193889895454,0.2740971089806407,1.5086477040022146,0.0439993877953384,0.7109216611133888
sorting,kern_cd_flat_eploo,50,2076,400,19124,0.7773749080079141,1.3188399328500964,0.12538827065362307,0.5968488991260529,0.6588572025299072,0.1466858007013797,30,tvt_quantile,,0.0002422539982944,0.0,0.7771326540096197,0.6360817860113457,3.131429620989365,0.3217071150138508,1.507713758997852,0.0946167611691635,0.7335043330094777
sorting,kern_cd_obs,5,238,400,19124,56.03485151001951,56.080410397960804,0.01415168848301677,0.4871760964393615,0.5,0.0256477000191807,1,tvt_quantile,3.02311990497401,0.0002317170146852,0.0,56.03461979300482,0.0555112750153057,0.7566846039844677,0.2159138660063035,1.4752992480061948,0.0099523870740085,0.486047713435255
sorting,kern_cd_obs,10,428,400,19124,0.045442428003298,0.1148387282446492,0.014371189178162698,0.5158104062080383,0.6850503921508789,0.6260324954986572,30,tvt_cp_band,3.02311990497401,0.0002313930017407,0.0,0.0452110350015573,0.0800070170080289,0.736925784003688,0.2037611819978337,1.4839754079876002,0.0106107167666777,0.4620911621605046
sorting,kern_cd_obs,20,838,400,19124,0.0579824149899649,0.1251578880765009,0.018176083473501935,0.5191263914108276,0.6315817952156066,0.3100080043077469,11,tvt_cp_band,3.02311990497401,0.0002286050003021,0.0,0.0577538099896628,0.087883767002495,0.8116278059897013,0.230197357974248,1.4651034220005386,0.020708293915959,0.4640283856424503
sorting,kern_cd_obs,35,1445,400,19124,0.223796348000178,0.39764553395798424,0.02874786242409203,0.5484614908695221,0.6760243952274323,0.3385516017675399,4,ct_quantile,3.02311990497401,0.0002285540103912,0.0,0.2235677939897868,0.2099123939988203,1.0160386040224694,0.2746692789951339,1.453879919979954,0.0360632080410141,0.4662644830241333
sorting,kern_cd_obs,50,2076,400,19124,0.4078565849922596,0.568783898692345,0.03455240481007989,0.5803043067455291,0.714922297000885,0.4194594025611877,1,ct_quantile,3.02311990497401,0.0002442850091028,0.0,0.4076122999831568,0.2154530069965403,1.1552204390172849,0.3268801179947331,1.5041501639934722,0.0545256932964548,0.4944402494293172
sorting,kern_cd_obs_eploo,5,238,400,19124,16.02660490301787,16.05474997201236,0.013687421566557102,0.543663102388382,0.7094321072101593,0.6522829055786132,13,tvt_cp_band,,0.0002257380110677,0.0,16.0263791650068,0.0341715179965831,0.760453488008352,0.1921566630189772,1.4329968910024036,0.0060264490020927,0.498695237969514
sorting,kern_cd_obs_eploo,10,428,400,19124,0.0312953050015494,0.09025191495311441,0.014902046612906372,0.5541357934474945,0.6610278964042664,0.6315517961978913,25,ct_quantile,,0.0002694500144571,0.0,0.0310258549870923,0.0769017850107047,0.7835999880044255,0.2243585519900079,1.418872451002244,0.0179451750591397,0.4986132485792041
sorting,kern_cd_obs_eploo,20,838,400,19124,0.044041222019586594,0.1044137676944955,0.019909963715018263,0.5535711050033569,0.671744292974472,0.6061943948268891,20,ct_quantile,,0.0002255430154036,0.0,0.043815679004183,0.0834802160097751,0.8791886330000125,0.2323526079999283,1.4334199610166252,0.0231076703348662,0.4984304869140032
sorting,kern_cd_obs_eploo,35,1445,400,19124,0.1468595309997908,0.2554584727040491,0.025626994530693534,0.5745482087135315,0.7217849016189575,0.5242109090089798,20,ct_quantile,,0.0002320389903616,0.0,0.1466274920094292,0.1459478930046316,0.9744206609902905,0.2733269979944452,1.4748584709886927,0.0373489513003733,0.4843300175853073
sorting,kern_cd_obs_eploo,50,2076,400,19124,0.488079552014824,0.6211123180692084,0.033964656180324924,0.5845203936100006,0.7307504951953888,0.5018074959516525,9,ct_quantile,,0.0002503370051272,0.0,0.4878292150096968,0.1866856830019969,1.1320041230064817,0.3171061630127951,1.49043261402403,0.0536529169476125,0.4824640382139478
sorting,logpzo,5,238,400,19124,7.173288938967744,7.703036582097411,4.373072233899936,0.5078047096729279,0.6678840160369873,0.6197973132133484,35,tvt_cp_band,,0.0590319139882922,0.0,7.114257024979452,0.5358522390015423,84.14265396501287,0.192224177008029,1.5311676830169745,0.006104595871875,0.5120205639104825
sorting,logpzo,10,428,400,19124,18.643635665997863,19.873684676975245,4.754937507823495,0.5496926069259643,0.6630291819572449,0.6369762063026428,35,tvt_cp_band,,0.0846281219855882,0.0,18.559007544012275,1.2417975919961464,91.44766113799416,0.2070178420108277,1.5303784860007,0.0117485810187645,0.5142362383776344
sorting,logpzo,20,838,400,19124,39.30968178401235,42.98876011089305,4.486342630642828,0.5304326951503754,0.7018121004104614,0.571967601776123,40,tvt_cp_band,,0.2768927460128907,0.0,39.03278903799946,3.7016373859951273,86.30721533900942,0.2303499190020375,1.5102454730076715,0.0225590591144282,0.5103988705959637
sorting,logpzo,35,1445,400,19124,47.309822355018696,50.78004007891286,2.3959477576946053,0.5330712974071503,0.6556389093399048,0.4127723038196563,4,ct_quantile,,0.0726126570079941,0.0,47.2372096980107,3.508393961004913,46.31786956998985,0.2684484769997652,1.4982427340000868,0.038176237110747,0.4977646518382244
sorting,logpzo,50,2076,400,19124,48.41057351697236,52.53184175232309,2.441694771279787,0.5456608057022094,0.6618862986564636,0.4579427003860473,3,ct_quantile,,0.0700860869837924,0.0,48.34048742998857,4.1782136500114575,47.21099493600195,0.3202990810095798,1.5442272940126711,0.0569454146607313,0.516024130047299
sorting,rnd_a,5,238,400,19124,349.1781759010046,349.47567251272267,2.9627316117019347,0.5413781046867371,0.6181067109107972,0.1901689991354942,50,tvt_quantile,,0.0232488579931668,349.1549203460163,6.696995114907622e-06,0.3037466449895873,57.16670114797307,0.1902604009956121,1.5668386629840825,0.0062500332714989,0.5074218057852704
sorting,rnd_a,10,428,400,19124,348.5153955979913,351.26158291313914,2.3846200613122566,0.5445539057254791,0.6419676005840301,0.2436861991882324,50,tvt_quantile,,0.1058893389999866,348.4095000879897,6.171001587063074e-06,2.757583277008962,46.1108983750164,0.2052549030049704,1.5538931259943638,0.0113959618611261,0.5074243224808015
sorting,rnd_a,20,838,400,19124,348.3285074829764,351.4257588230539,3.265130733392026,0.5676590919494628,0.6711495041847229,0.263975504040718,50,tvt_quantile,,0.0670928159961476,348.2614082489745,6.418005796149373e-06,3.120143531006761,62.95742553900345,0.2332929219992365,1.5681608009908814,0.0228921909292694,0.5150653936143499
sorting,rnd_a,35,1445,400,19124,333.9183502579981,335.96157986469916,1.5909922875420524,0.595076197385788,0.7257470965385437,0.3606769025325775,45,tvt_cp_band,,0.0209303890005685,333.8974145760003,5.292997229844332e-06,2.081276915007038,30.920690510014538,0.2729768450080883,1.544428083987441,0.0380473083059769,0.4945540030603297
sorting,rnd_a,50,2076,400,19124,273.09580718597863,275.8966268777149,1.3428473120675666,0.572158807516098,0.6654766976833344,0.2256109043955803,50,tvt_quantile,,0.0228774529823567,273.07292459899327,5.134003004059196e-06,2.8582198299991437,26.19988673599437,0.3241863150033168,1.5862469910061918,0.0574001382628921,0.5192747400142252
sorting,rnd_oe,5,238,400,19124,364.2775106629706,365.7553391488036,2.435790077673278,0.4994314014911651,0.5,0.001137000019662,20,tvt_cp_band,,0.1486080959730316,364.1288939899823,8.57701525092125e-06,1.4839502820104826,47.08667174002039,0.1906493690039497,1.6907509730081074,0.0061217961774673,0.5046222945966292
sorting,rnd_oe,10,428,400,19124,338.0878955429944,340.1749734568293,2.8164128157077113,0.4949860960245132,0.5,0.0100279998034238,11,tvt_quantile,,0.1480064140050672,337.93988184200134,7.286987965926528e-06,2.0983925350010395,54.35835622000741,0.2048745569773018,1.680754825996701,0.0113146211660932,0.4972775324131362
sorting,rnd_oe,20,838,400,19124,332.6734793189971,338.6773628979863,2.494691357211871,0.4946224004030227,0.5,0.0107549999840557,2,tvt_quantile,,0.1769914730102755,332.4964810849924,6.76099443808198e-06,6.02623630699236,48.20600932399975,0.2322853289952036,1.684577028005151,0.0223527280031703,0.4975318086799234
sorting,rnd_oe,35,1445,400,19124,316.29091146599967,318.0972291402868,1.4990030030546422,0.4996571063995361,0.5767070055007935,0.1701286986470222,1,ct_quantile,,0.1165744290046859,316.174330312002,6.724992999807e-06,1.8427815260074567,29.151141544018174,0.2689397649955936,1.508935748017393,0.0364638517203275,0.4842081136011984
sorting,rnd_oe,50,2076,400,19124,164.65328156400938,167.34729750163388,1.3520629428390587,0.519080200791359,0.584536898136139,0.1380056001245975,1,ct_quantile,,0.1183851849928032,164.53488796800957,8.41100700199604e-06,2.750481507973745,26.367216910992283,0.3231039639795199,1.5416989120130893,0.0564655703492462,0.5103651921381243
sorting,rnd_oe_and_entropy,5,238,400,19124,364.3122375299281,365.99744845280657,3.319749174180118,0.5496283888816833,0.6263757944107056,0.3333063036203384,2/5,ct_quantile,,0.1488452819467056,364.1288939899823,0.03449825799907552,1.697450742998626,64.47456217402942,0.38501576299313445,27.31528521401924,0.012239820120157601,0.9876789670088328
sorting,rnd_oe_and_entropy,10,428,400,19124,338.1240725479729,340.60007663455326,3.6940039274247396,0.5495793998241425,0.6337593853473663,0.4547889977693558,2/20,ct_quantile,,0.1482756469922605,337.93988184200134,0.03591505897929883,2.498326545988675,71.62272694602143,0.41119169897865504,27.472613426012686,0.0223224594083148,0.9785958379507065
sorting,rnd_oe_and_entropy,20,838,400,19124,332.71959735197015,339.46070210510516,3.3763894953416314,0.5523247003555298,0.6384988069534302,0.4505222022533416,3/20,ct_quantile,,0.1772225199965759,332.4964810849924,0.045893746981164385,6.784728927974357,65.54854511498706,0.46701042100903567,27.369605334009975,0.0436241748393512,0.9784724060737062
sorting,rnd_oe_and_entropy,35,1445,400,19124,316.34381962098996,319.4141408414289,2.3633089481072886,0.5492609977722168,0.6381472945213318,0.4454472005367279,2/20,ct_quantile,,0.11679246698622579,316.174330312002,0.05269684200175101,3.143012984015513,46.152964300999884,0.5381080179940909,27.054926441021962,0.07269176357658569,0.957043977396097
sorting,rnd_oe_and_entropy,50,2076,400,19124,164.68688797598588,169.24230469579925,2.233083092802074,0.5545251071453094,0.6419201076030732,0.463306701183319,1/20,ct_quantile,,0.11860612398595541,164.53488796800957,0.0333938839903567,4.665733021975029,43.71339897500002,0.6502372169925366,27.599833461048547,0.1103163021616637,1.0079179082531482
sorting,similarity,5,238,400,19124,0.3500885800167452,0.37402215186739335,0.07307809937248454,0.4923952013254166,0.5,0.0152098000049591,1,tvt_quantile,,0.0001971810124814,0.0,0.3498913990042638,0.0298945289978291,1.8808261090016456,0.1902982860046904,1.550302540010307,0.005960957147181,0.4832805366022512
sorting,similarity,10,428,400,19124,0.31643088298733335,0.3522329131665172,0.07283582840134263,0.5079545021057129,0.6566126942634583,0.4260038018226623,1,ct_quantile,,0.0001885480014607,0.0,0.3162423349858727,0.0490933110122568,1.8805814570223447,0.205169057007879,1.5398206700047012,0.0132912808330729,0.4876690746750682
sorting,similarity,20,838,400,19124,0.2371988829982001,0.30003906684578385,0.07321786024121017,0.4883368998765945,0.6158486008644104,0.3616015017032623,1,ct_quantile,,0.0002171260130126,0.0,0.2369817569851875,0.084467108012177,1.8898980730155015,0.2321976469829678,1.541525155014824,0.0216269241645932,0.4896797137625981
sorting,similarity,35,1445,400,19124,0.3046210920147131,0.41179477685363947,0.07258298983605799,0.5684919953346252,0.6863623976707458,0.2958064973354339,9,ct_quantile,,0.0001999700034502,0.0,0.3044211220112629,0.1444455689925234,1.8699051510193383,0.2720331379969138,1.5337823389854748,0.037271884153597,0.4818280533945653
sorting,similarity,50,2076,400,19124,0.3809001630288548,0.5311867077543865,0.07216967699407037,0.5557282030582428,0.6813387930393219,0.4054068982601165,3,ct_quantile,,0.000194578024093,0.0,0.3807055850047618,0.2045721989998128,1.88692277399241,0.3134638589981477,1.5295784370100591,0.0542856542742811,0.5067498711578082
sorting,tc,5,238,400,19124,0.0002912280033342456,0.23635407909750936,0.9051809826834455,0.5034019947052002,0.5103449821472168,0.6711710095405579,11,tvt_cp_band,,0.0002846420102287,0.0,6.58599310554564e-06,0.2421894099970813,17.80967948801117,0.1927408430201467,1.5903146880154964,0.0061265589029062,0.4989983751729596
sorting,tc,10,428,400,19124,0.00026480501401237916,0.43891381501453,0.9042735097497776,0.5033550262451172,0.5103449821472168,0.6756759881973267,11,tvt_cp_band,,0.0002588490024209,0.0,5.956011591479182e-06,0.4498419319861568,17.792541904986138,0.2056715340004302,1.524671641003806,0.0111929219856392,0.4992153045313898
sorting,tc,20,838,400,19124,0.00025411901879115366,0.7834801768476608,0.9051723918304767,0.4991394996643066,0.5091954052448273,0.3840943962335587,2,ct_quantile,,0.0002477529924362,0.0,6.366026354953647e-06,0.8051679070049431,17.811244129989063,0.2325734530168119,1.5396201660041695,0.0219418491760734,0.5007273086230271
sorting,tc,35,1445,400,19124,0.0002530409838072223,1.338013619708363,0.8617621373783526,0.4981581002473831,0.515212994813919,0.7541010975837708,15,tvt_cp_band,,0.0002467049926053,0.0,6.3359912019222975e-06,1.3756873160018586,16.969199688988738,0.2750196430133655,1.5096581499965396,0.0379267372773028,0.4888605737651232
sorting,tc,50,2076,400,19124,0.0002552100049796466,1.954461055691354,0.8840732141357351,0.4959230065345764,0.5083366960287095,0.3844434008002281,2,ct_quantile,,0.000248738011578,0.0,6.471993401646614e-06,2.011454233987024,17.421898739004973,0.3255735760030802,1.5460597019991835,0.0572483883006498,0.5148825918731745
stacking,entropy,5,240,800,64883,0.0352952289686071,0.2386596121068577,0.8170346054543484,0.635622090101242,0.7863803923130035,0.4065496951341629,50,tvt_cp_band,,0.0002002779801841,0.0,0.035094950988423,0.2091854189930018,54.53983657801291,0.207910842000274,3.1472472390159965,0.0058210358547512,1.5281802723184228
stacking,entropy,10,558,800,64883,0.0351764570223166,0.5186496589158194,0.8374292364956172,0.6324800074100494,0.8478564083576202,0.4477497011423111,11,tvt_cp_band,,0.0002062190033029,0.0,0.0349702380190137,0.4969323179975617,55.844062872987706,0.3727033510222099,3.162790586997289,0.0134591161040589,1.5091417214425746
stacking,entropy,20,1041,800,64883,0.043373699008952694,0.9336020250921138,0.8256873025288333,0.6630023896694184,0.8854903221130371,0.4611402004957199,50,tvt_cp_band,,0.0002007370057981,0.0,0.0431729620031546,0.9156598020053934,55.072230913996464,0.4039157929946668,3.04891967002186,0.0254314759222324,1.4991616640181746
stacking,entropy,35,1809,800,64883,0.035740259976591804,1.548720785183832,0.8115059336889979,0.6683304905891418,0.8794583976268768,0.4375943034887314,15,tvt_cp_band,,0.0001896600006148,0.0,0.035550599975977,1.5564781909924932,54.144779850001214,0.4539581720018759,3.171377038001083,0.043497665785253,1.4918403544579633
stacking,entropy,50,2760,800,64883,0.0381245519965887,2.3928833023819607,0.8251441051294602,0.6534845948219299,0.8430452048778534,0.4545858949422836,9,tvt_cp_band,,0.0002036899968516,0.0,0.0379208619997371,2.423221343982732,55.07840320697869,0.5263701079820748,3.1736743049987126,0.0684625935973599,1.5405782338639256
stacking,kern_cd_flat,5,240,800,64883,58.90740245897905,59.11958554008743,0.06245722509332591,0.4956481039524078,0.5,0.0087028998881578,1,tvt_quantile,15.89558888503234,0.0002341359795536,0.0,58.907168322999496,0.2224541559990029,5.5852597070042975,0.2187083760218229,2.9086840829986613,0.0102710748906247,1.5328475712740328
stacking,kern_cd_flat,10,558,800,64883,0.150831762002781,0.3651906982122455,0.06926751114551731,0.6304146945476532,0.7026543021202087,0.14580609947443,1,ct_quantile,15.89558888503234,0.0002323729859199,0.0,0.1505993890168611,0.2305460369971115,6.408277023991104,0.3794971430033911,2.8101913279970177,0.016187100787647,1.9139930983365048
stacking,kern_cd_flat,20,1041,800,64883,0.2570793310296721,0.5244878309895284,0.07353988403449026,0.6760023057460784,0.7677860915660858,0.1878323011100292,1,ct_quantile,15.89558888503234,0.0002421420067548,0.0,0.2568371890229173,0.3105836740287486,6.298680523992516,0.4103007220255676,2.893271945999004,0.0431751740688923,1.5271922281826846
stacking,kern_cd_flat,35,1809,800,64883,0.5648394390300381,0.9195599962258709,0.08738140687865566,0.7034472048282623,0.8245623946189881,0.2525436997413635,1,ct_quantile,15.89558888503234,0.000246492010774,0.0,0.5645929470192641,0.3988240930193569,7.558358670998132,0.4534139579918701,2.815178487013327,0.044103535823524,1.8887908484903164
stacking,kern_cd_flat,50,2760,800,64883,1.4916357600013725,1.9698626329773106,0.10202533289027503,0.7209773004055023,0.8278645992279052,0.2178962990641594,3,ct_quantile,15.89558888503234,0.0002364499960094,0.0,1.491399310005363,0.5586513099842705,8.708153980987845,0.5124988839961588,2.9233854849881027,0.0804244370083324,2.08844430706813
stacking,kern_cd_flat_eploo,5,240,800,64883,27.728467894979985,27.89450647306512,0.059500353120798426,0.6704955041408539,0.8061135053634644,0.2729244977235794,50,tvt_cp_band,,0.0002358539786655,0.0,27.72823204100132,0.1721677799941972,5.478866281016963,0.2125437379872892,2.80870727400179,0.0061292019090615,1.6183048694801982
stacking,kern_cd_flat_eploo,10,558,800,64883,0.1926409990119282,0.4110663803876377,0.06103829630404224,0.6941826939582825,0.8528833031654358,0.332940998673439,4,tvt_quantile,,0.0002468000166118,0.0,0.1923941989953164,0.2390548149996902,5.708686660014791,0.372899297013646,2.772692763013765,0.0206294336239807,1.7483388809196183
stacking,kern_cd_flat_eploo,20,1041,800,64883,0.3151217839913442,0.5446030480088665,0.06779743019892079,0.7103997051715851,0.8640306115150451,0.3257741034030914,9,tvt_cp_band,,0.0002403910038992,0.0,0.314881392987445,0.255840501980856,6.170363583980361,0.4062292510061525,2.8397994459955958,0.0263592379633337,1.771462920383783
stacking,kern_cd_flat_eploo,35,1809,800,64883,0.7092941860028077,1.0536634580639657,0.07948124732131988,0.7087032914161682,0.8290509045124054,0.2541596978902817,5,tvt_quantile,,0.0002415280032437,0.0,0.709052657999564,0.4043353340239264,6.795847869012505,0.4561333929887041,2.870557568006916,0.0599660619627684,1.638866099063307
stacking,kern_cd_flat_eploo,50,2760,800,64883,1.4833512130135205,2.0023557380773127,0.09431738890902562,0.716183602809906,0.830610603094101,0.2387453004717827,4,tvt_quantile,,0.0002575450052972,0.0,1.4830936680082232,0.5889402439934202,7.850582765007857,0.5120533650042489,2.883391823997954,0.0699357189296279,1.730987620423548
stacking,kern_cd_obs,5,240,800,64883,53.94570244400529,54.021679599100025,0.016634179048925352,0.5090682059526443,0.5576355040073395,0.0972595997154712,1,ct_quantile,9.022548374923645,0.0002406349813099,0.0,53.94546180902398,0.0821176680037751,2.588154855009634,0.2400875589810311,2.981414745998336,0.0061405129090417,1.5088794157782104
stacking,kern_cd_obs,10,558,800,64883,0.046355954982573,0.08762922388268621,0.01893656001685482,0.6436224997043609,0.7409047901630401,0.1986215993762016,1,ct_quantile,9.022548374923645,0.0002447159786242,0.0,0.0461112390039488,0.054608903999906,2.7093813190003857,0.3702701249858364,2.884289475012338,0.0133356350997928,1.4807204954267943
stacking,kern_cd_obs,20,1041,800,64883,0.1967233580071478,0.3212025240354705,0.023436314140605544,0.6578502953052521,0.7691082954406738,0.2390910968184471,1,ct_quantile,9.022548374923645,0.0002596599806565,0.0,0.1964636980264913,0.167375238990644,3.000732168002287,0.4077854520000983,2.9890160450013354,0.0428960729623213,1.4801137976173775
stacking,kern_cd_obs,35,1809,800,64883,0.6632684979995246,0.819154004944721,0.03628525560894259,0.6844256937503814,0.7849696993827819,0.2062209978699684,5,ct_quantile,9.022548374923645,0.0002498000103514,0.0,0.6630186979891732,0.2270457090053241,3.840010243002325,0.4536578849947545,2.898468513012631,0.0711602020601276,1.4857140033273026
stacking,kern_cd_obs,50,2760,800,64883,1.0789360780036077,1.3341996158706024,0.0481677610472277,0.7015729069709777,0.8213615953922272,0.2546169966459274,9,ct_quantile,9.022548374923645,0.0002473579952493,0.0,1.0786887200083584,0.3230266440077685,4.649198323983001,0.5194442950014491,2.9453451129957102,0.0677631061407737,1.523929483955726
stacking,kern_cd_obs_eploo,5,240,800,64883,28.234109306969913,28.3217790388735,0.012977651014645928,0.6865341007709503,0.8374635994434356,0.3043692976236343,40,tvt_cp_band,,0.0002330449933651,0.0,28.233876261976548,0.0975959579809568,2.3838290289859287,0.2323920119961258,2.865622606012039,0.0099262260773684,1.541800098202657
stacking,kern_cd_obs_eploo,10,558,800,64883,0.0605231760127935,0.1530565277498681,0.015696990101018465,0.6711097955703735,0.8868021130561828,0.4412109017372131,11,tvt_cp_band,,0.0002598740102257,0.0,0.0602633020025678,0.1063838310074061,2.5600452450162265,0.3641204230079893,2.8367603730002884,0.0138504792703315,1.5415774362918455
stacking,kern_cd_obs_eploo,20,1041,800,64883,0.2676480679656378,0.3643814389652106,0.02452955768298555,0.6866950929164887,0.8342088043689728,0.2969597026705742,11,tvt_quantile,,0.0002003309782594,0.0,0.2674477369873784,0.1358939790225122,3.135113125987118,0.3987730910012033,2.865926373022376,0.0391606080229394,1.5435618348419666
stacking,kern_cd_obs_eploo,35,1809,800,64883,0.6256779209943488,0.7451789567712694,0.032433935799794485,0.6992438912391663,0.8364063978195191,0.2755401000380516,11,tvt_quantile,,0.0002551609941292,0.0,0.6254227600002196,0.1644311529817059,3.638945264974609,0.4574911270174198,2.891997245984385,0.0449301172047853,1.5345342084765434
stacking,kern_cd_obs_eploo,50,2760,800,64883,1.2249885089986492,1.4812464740534779,0.047560327529675324,0.6988076031208038,0.8468680024147034,0.3046251997351646,3,tvt_cp_band,,0.000238436012296,0.0,1.2247500729863532,0.3244100309966597,4.6115462090238,0.4997671819874085,2.928834316000575,0.0681520659418311,1.5256894779158756
stacking,logpzo,5,240,800,64883,7.2516531239962205,7.844572219968541,2.4036757623647005,0.5120357990264892,0.5701194941997528,0.1162982009351253,1,ct_quantile,,0.0810469930002,0.0,7.1706061309960205,0.5991070239979308,157.5293339130003,0.2105552919965703,3.008037065010285,0.0061879280256107,1.5716394234914333
stacking,logpzo,10,558,800,64883,18.782087212981423,20.10869594712858,2.012751556622,0.6173858940601349,0.7652347981929779,0.3292336016893387,25,ct_quantile,,0.0819932679878547,0.0,18.70009394499357,1.3403425899741706,132.11788360000355,0.3657943950092885,2.7676814399892464,0.013733855827013,1.5245243516983464
stacking,logpzo,20,1041,800,64883,24.222344898968007,26.743111686140768,2.4167539745632363,0.6479682087898254,0.8020652055740356,0.3094698935747146,13,tvt_cp_band,,0.0810084559780079,0.0,24.14133644299,2.5471861000114586,158.36467453400837,0.4007410570047796,2.927004795987159,0.0264193128386978,1.558426402421901
stacking,logpzo,35,1809,800,64883,54.76475832701544,58.63275443558814,2.1664923870545008,0.6497289061546325,0.8215888977050781,0.3451433986425399,9,tvt_cp_band,,0.0750583499902859,0.0,54.68969997702516,3.9120424370048568,142.0927692349942,0.4335908840002958,2.83401431600214,0.0440463284321595,1.5242436857370194
stacking,logpzo,50,2760,800,64883,59.8869883310108,66.56916327291401,2.495984015444429,0.6551669955253601,0.8390380024909974,0.3810252040624619,9,tvt_cp_band,,0.0817275260051246,0.0,59.80526080500567,6.753833207010757,163.5631256920169,0.5195395449991338,3.0794222010008525,0.0716582651075441,1.616194817936048
stacking,rnd_a,5,240,800,64883,388.43569068200304,388.7530679239717,1.3490366540223624,0.5505345046520234,0.743757301568985,0.4059469997882843,50,ct_quantile,,0.0235991509980522,388.4120863940043,5.137000698596239e-06,0.3236821829923428,89.09046771502472,0.2110355960030574,3.006870169978356,0.0063049410236999,1.5609224920917768
stacking,rnd_a,10,558,800,64883,397.3425490669906,397.91535885623307,1.400386277038578,0.5733719110488892,0.7213499963283538,0.2965672984719276,30,tvt_quantile,,0.0181491249823011,397.3243949030002,5.039008101448417e-06,0.5861219100188464,92.4101132180076,0.3505277009971905,2.976378067978658,0.0133121207763906,1.5488504049135372
stacking,rnd_a,20,1041,800,64883,403.47354609199095,404.9240087826037,1.3489974468507429,0.639358401298523,0.930641394853592,0.5923365950584412,2,tvt_cp_band,,0.0235521539871115,403.4499880399962,5.898007657378912e-06,1.4766471439797897,89.06985357400845,0.3999619279929902,2.959729073976632,0.0261844533670227,1.542852229991695
stacking,rnd_a,35,1809,800,64883,402.85017883701954,404.8716696170159,1.292105029536261,0.6047557950019836,0.8427164077758789,0.4985352963209152,30,tvt_cp_band,,0.0188659190025646,402.8313079560176,4.961999366059899e-06,2.065569596015848,85.37876412799233,0.45270753200748,2.9729027040011715,0.0440788160194642,1.5431134965911042
stacking,rnd_a,50,2760,800,64883,344.4754713449802,348.3113876034913,1.318529778920164,0.5878882050514221,0.7570954024791717,0.4483225971460342,7,tvt_cp_band,,0.0228423649969045,344.4526231479831,5.83200016990304e-06,3.907113423978444,87.15678131699678,0.5244160150177777,3.180973282986088,0.0711971654673107,1.606613671319792
stacking,rnd_oe,5,240,800,64883,389.35005299400655,389.69698756121215,1.3968324697908228,0.4998959898948669,0.5,0.0002079999976558,30,tvt_cp_band,,0.1234797619981691,389.22656604400254,7.188005838543177e-06,0.353107122995425,92.18850867799485,0.2118133729964029,3.005410105979536,0.0061725557898171,1.5578275405569002
stacking,rnd_oe,10,558,800,64883,403.59393759298837,404.39589290419826,1.3790997377674028,0.5911871016025543,0.6590100049972534,0.13643239736557,1,ct_quantile,,0.1218211599916685,403.4721092149848,7.218011887744069e-06,0.8156871980172582,91.00873256500928,0.3641600910050329,2.950093243009178,0.0137318868073634,1.5286042794468813
stacking,rnd_oe,20,1041,800,64883,404.8191984589794,406.2464240613335,1.0743839822471373,0.5477355003356934,0.600366598367691,0.1059389986097812,1,ct_quantile,,0.1267674469854682,404.6924241289962,6.882997695356608e-06,1.4530489780008793,71.23781270597829,0.4002260919951368,2.9185975970176514,0.0258233756467234,1.5285567858372815
stacking,rnd_oe,35,1809,800,64883,413.8251598259958,416.39604757295456,1.400911001222166,0.6183224976062774,0.6908443987369537,0.1464797995984554,1,ct_quantile,,0.1201099189929664,413.7050424339832,7.47301965020597e-06,2.615662578988122,92.43103641999188,0.4550243010162376,2.9743194980255794,0.0447748320293612,1.5357279276940972
stacking,rnd_oe,50,2760,800,64883,352.61905808601296,354.9115809710056,1.0763519676420155,0.5906347006559372,0.6525969982147217,0.1246053986251354,1,ct_quantile,,0.1299700420058798,352.4890808619966,7.1820104494690895e-06,2.3654453409835696,71.40148820201284,0.5229928480111994,2.974313906976022,0.0729224559909198,1.5645434854959603
stacking,rnd_oe_and_entropy,5,240,800,64883,389.38534822297515,389.935647173319,2.213867075245171,0.6433939039707184,0.7573848962783813,0.3124634981155395,1/25,ct_quantile,,0.1236800399783532,389.22656604400254,0.035102138994261546,0.5622925419884268,146.72834525600774,0.4197242149966769,56.25069026299752,0.0119935916445683,3.086007812875323
stacking,rnd_oe_and_entropy,10,558,800,64883,403.6291140500107,404.9145425631141,2.21652897426302,0.6481020987033844,0.7614533007144928,0.3253219991922378,1/25,ct_quantile,,0.12202737899497139,403.4721092149848,0.034977456030901445,1.31261951601482,146.85279543799697,0.7368634420272429,55.75713760301005,0.0271910029114223,3.037746000889456
stacking,rnd_oe_and_entropy,20,1041,800,64883,404.8625721579883,407.18002608642564,1.9000712847759704,0.6630023896694184,0.8854903221130371,0.4611402004957199,11/50,tvt_cp_band,,0.1269681839912663,404.6924241289962,0.043179845000849953,2.3687087800062727,126.31004361997475,0.8041418849898037,53.47488935905858,0.0512548515689558,3.027718449855456
stacking,rnd_oe_and_entropy,35,1809,800,64883,413.8609000859724,417.9447683581384,2.2124169349111633,0.6713272988796234,0.8637374997138977,0.3920961946249008,1/5,tvt_cp_band,,0.1202995789935812,413.7050424339832,0.03555807299562721,4.172140769980615,146.57581626999308,0.9089824730181135,56.02787826801068,0.0882724978146142,3.0275682821520604
stacking,rnd_oe_and_entropy,50,2760,800,64883,352.65718263800954,357.30446427338757,1.9014960727714756,0.6534845948219299,0.8430452048778534,0.4545858949422836,11/9,tvt_cp_band,,0.1301737320027314,352.4890808619966,0.03792804401018657,4.7886666849663015,126.47989140899153,1.0493629559932742,56.71411020096275,0.1413850495882797,3.105121719359886
stacking,similarity,5,240,800,64883,0.7219626279838848,0.7465308569080661,0.07283574259847302,0.550103098154068,0.7393666863441467,0.3800944954156875,30,tvt_cp_band,,0.0002102119906339,0.0,0.7217524159932509,0.0307340430153999,6.2864070609794,0.2111707160074729,3.094032701017568,0.0061658140912186,1.5606055739626754
stacking,similarity,10,558,800,64883,0.7695252510020508,0.8198408359021413,0.07295459512466401,0.5729047894477844,0.7779381990432739,0.4117650091648102,3,tvt_cp_band,,0.0001916470064315,0.0,0.7693336039956193,0.0649657869944349,6.27108613398741,0.370288750011241,3.032109288003994,0.0146502020943444,1.5375731385138351
stacking,similarity,20,1041,800,64883,1.0965999249892775,1.174960513075348,0.07328193533630781,0.6718721985816956,0.8167157948017121,0.2908173009753227,4,tvt_cp_band,,0.000203548988793,0.0,1.0963963760004845,0.1040934619959443,6.283987039991189,0.401332563982578,2.9762659260013606,0.0257328739098738,1.5292352295655292
stacking,similarity,35,1809,800,64883,0.8276776309940033,0.9583495819824749,0.06937516834772167,0.6942088961601257,0.8044444859027863,0.2297925993800163,5,ct_quantile,,0.0001999779778998,0.0,0.8274776530161034,0.1737762999837286,5.965422734996537,0.432736565999221,2.8748263939924072,0.0431043489952571,1.4641536870913114
stacking,similarity,50,2760,800,64883,0.8365993869956583,1.0467683481110726,0.0731968419086678,0.7042313039302825,0.8509835064411163,0.3124625951051712,20,ct_quantile,,0.0002128630003426,0.0,0.8363865239953157,0.2806413559883367,6.340202247025445,0.5208471369987819,3.11807046100148,0.0704723948729224,1.5909715534653517
stacking,tc,5,240,800,64883,0.00026236101984969737,0.2125293398275971,0.7808840400564028,0.6188685894012451,0.7450990080833435,0.3363833963871002,3,ct_quantile,,0.0002556430117692,0.0,6.718008080497384e-06,0.2183093630010262,52.2433404730109,0.2113562750164419,3.515546690992778,0.0060423841932788,1.5772413020313252
stacking,tc,10,558,800,64883,0.00029356603045013367,0.5167775038862602,0.7970304103399675,0.6189265072345733,0.7410195052623749,0.3435879021883011,3,ct_quantile,,0.000286529015284,0.0,7.037015166133642e-06,0.5305163789889775,53.26665381999919,0.3713868700142484,3.372524888982298,0.0140324411331675,1.5529297059110831
stacking,tc,20,1041,800,64883,0.0002526329772080878,0.8942993008240593,0.785204941964487,0.6337962985038758,0.8375419914722443,0.4100283026695251,2,tvt_cp_band,,0.0002465559809934,0.0,6.076996214687824e-06,0.9201587470015512,52.48840045198449,0.40214752900647,3.4232381589827128,0.0261120791547,1.541948202502681
stacking,tc,35,1809,800,64883,0.0002653150004334735,1.6362680878373794,0.7720353355516731,0.6368319988250732,0.8816497027873993,0.5084035992622375,9,tvt_cp_band,,0.0002589630021248,0.0,6.351998308673501e-06,1.681904595985543,51.62540645999252,0.440928100986639,3.4714600300067104,0.045901823148597,1.5334377833933104
stacking,tc,50,2760,800,64883,0.0002596620179246366,2.4010285486874636,0.7855851174308848,0.636211097240448,0.875429505109787,0.5219808936119079,9,tvt_cp_band,,0.0002531110076233,0.0,6.551010301336646e-06,2.4716092009912245,52.57969433499966,0.516679305001162,3.5091836520005018,0.0708403143216855,1.6085751607315617
