task,mode,family,dim,level,best_TWA,TPR,TNR,auroc,at
sorting,flat,sigvar,24,,0.5892410278320312,0.7379310131072998,0.7058820128440857,0.6160378634212306,tvt_quantile/q0.97/w50
sorting,flat,sigtc,24,,0.5536929965019226,0.28275901079177856,0.8627449870109558,0.5549154834347533,tvt_cp_band/q0.99/w35
sorting,flat,sigmmd,24,,0.5266730189323425,0.2482759952545166,0.8705880045890808,0.27659229208924946,tvt_cp_band/q0.99/w7
sorting,disp,sigvar,3,,0.5966939926147461,0.8275859951972961,0.5529410243034363,0.5906964164976335,tvt_quantile/q0.9/w50
sorting,disp,sigtc,3,,0.5844749808311462,0.5379310250282288,0.792156994342804,0.6457336037863421,ct_quantile/q0.92/w5
sorting,disp,sigmmd,3,,0.509660005569458,0.07586199790239334,0.9647060036659241,0.2685057471264368,tvt_cp_band/q0.93/w40
sorting,sig,sigvar,20,2.0,0.576216995716095,0.7586209774017334,0.5803920030593872,0.5731710615280595,tvt_quantile/q0.9/w50
sorting,sig,sigtc,20,2.0,0.5878840088844299,0.5379310250282288,0.800000011920929,0.6441920216362407,ct_quantile/q0.92/w5
sorting,sig,sigmmd,20,2.0,0.5095700025558472,0.17241400480270386,0.9686269760131836,0.2666666666666666,tvt_cp_band/q0.94/w15
stacking,flat,sigvar,24,,0.6823580265045166,0.919588029384613,0.8222219944000244,0.8055931926035018,tvt_cp_band/q0.96/w5
stacking,flat,sigtc,24,,0.6987529993057251,0.9711340069770813,0.8158730268478394,0.8507772868597612,tvt_cp_band/q0.96/w5
stacking,flat,sigmmd,24,,0.6289359927177429,0.7979379892349243,0.8730159997940063,0.7909081983308788,tvt_cp_band/q0.91/w20
stacking,disp,sigvar,3,,0.6936339735984802,0.9484540224075317,0.774603009223938,0.8087056128293242,tvt_cp_band/q0.95/w3
stacking,disp,sigtc,3,,0.7097510099411011,0.9546390175819397,0.7650790214538574,0.8687547046309932,tvt_cp_band/q0.96/w4
stacking,disp,sigmmd,3,,0.6249740123748779,0.9773200154304504,0.7682539820671082,0.5826738667975782,tvt_cp_band/q0.99/w1
stacking,sig,sigvar,20,2.0,0.6448829770088196,0.9278349876403809,0.7555559873580933,0.7016658484699723,tvt_cp_band/q0.95/w2
stacking,sig,sigtc,20,2.0,0.7036269903182983,0.9567009806632996,0.7523810267448425,0.8688496154475536,tvt_cp_band/q0.96/w4
stacking,sig,sigmmd,20,2.0,0.6165019869804382,0.9690719842910767,0.7396829724311829,0.5089903452790052,tvt_cp_band/q0.99/w1
push_t,flat,sigvar,48,,0.5725659728050232,0.9242420196533203,0.5980389714241028,0.6689938601703307,tvt_quantile/q0.95/w25
push_t,flat,sigtc,48,,0.6110190153121948,0.8787879943847656,0.6862750053405762,0.7464844523668053,tvt_cp_band/q0.92/w13
push_t,flat,sigmmd,48,,0.5684869885444641,0.8787879943847656,0.6960780024528503,0.5728857199445435,tvt_quantile/q0.96/w35
push_t,disp,sigvar,3,,0.5793629884719849,0.9343429803848267,0.5098040103912354,0.6734006734006733,tvt_quantile/q0.91/w13
push_t,disp,sigtc,3,,0.607787013053894,0.7424240112304688,0.8725489974021912,0.774212715389186,ct_quantile/q0.94/w40
push_t,disp,sigmmd,3,,0.5542110204696655,0.2676770091056824,0.8725489974021912,0.5809566250742721,ct_quantile/q0.9/w1
push_t,sig,sigvar,20,2.0,0.5723209977149963,0.9040399789810181,0.5196080207824707,0.6672113289760349,tvt_cp_band/q0.9/w30
push_t,sig,sigtc,20,2.0,0.6093530058860779,0.7373740077018738,0.764706015586853,0.7494553376906318,ct_quantile/q0.91/w11
push_t,sig,sigmmd,20,2.0,0.554639995098114,0.6414139866828918,0.7450979948043823,0.60051495345613,ct_quantile/q0.93/w40
pretzel,flat,sigvar,48,,0.6065220236778259,0.5,0.800000011920929,0.28,tvt_cp_band/q0.9/w1
pretzel,flat,sigtc,48,,0.7398549914360046,0.8999999761581421,0.6000000238418579,0.6500000000000001,tvt_quantile/q0.9/w30
pretzel,flat,sigmmd,48,,0.5862320065498352,0.4000000059604645,1.0,0.21,ct_quantile/q0.9/w20
pretzel,disp,sigvar,3,,0.6768119931221008,0.800000011920929,0.699999988079071,0.29,tvt_cp_band/q0.9/w3
pretzel,disp,sigtc,3,,0.7043480277061462,1.0,0.6000000238418579,0.25,tvt_cp_band/q0.93/w2
pretzel,disp,sigmmd,3,,0.7355070114135742,0.5,1.0,0.56,ct_quantile/q0.9/w5
pretzel,sig,sigvar,20,2.0,0.6637679934501648,0.800000011920929,0.699999988079071,0.15,tvt_cp_band/q0.9/w1
pretzel,sig,sigtc,20,2.0,0.6717389822006226,1.0,0.6000000238418579,0.26,tvt_cp_band/q0.95/w2
pretzel,sig,sigmmd,20,2.0,0.7318840026855469,0.5,1.0,0.56,ct_quantile/q0.92/w7
push_chair,flat,sigvar,48,,0.830951988697052,1.0,1.0,0.96,tvt_cp_band/q0.9/w11
push_chair,flat,sigtc,48,,0.7785710096359253,1.0,0.8999999761581421,1.0,tvt_cp_band/q0.9/w3
push_chair,flat,sigmmd,48,,0.7857139706611633,1.0,0.800000011920929,1.0,tvt_cp_band/q0.9/w7
push_chair,disp,sigvar,3,,0.8642860054969788,1.0,0.8999999761581421,0.99,ct_quantile/q0.9/w1
push_chair,disp,sigtc,3,,0.8547620177268982,1.0,0.8999999761581421,0.98,ct_quantile/q0.94/w1
push_chair,disp,sigmmd,3,,0.7833330035209656,1.0,0.800000011920929,0.9400000000000001,ct_quantile/q0.94/w9
push_chair,sig,sigvar,20,2.0,0.8404759764671326,0.8999999761581421,1.0,0.97,tvt_cp_band/q0.96/w3
push_chair,sig,sigtc,20,2.0,0.8547620177268982,1.0,0.8999999761581421,0.98,ct_quantile/q0.97/w1
push_chair,sig,sigmmd,20,2.0,0.7833330035209656,1.0,0.800000011920929,0.9400000000000001,ct_quantile/q0.94/w9
